"../../../Engine/Plugins/2D/Paper2D/Content/PlaceholderTextures/DummySpriteTexture.ubulk" 0
"../../../Engine/Plugins/2D/Paper2D/Content/PlaceholderTextures/DummySpriteTexture.uasset" 1
"../../../Engine/Plugins/2D/Paper2D/Content/PlaceholderTextures/DummySpriteTexture.uexp" 2
"../../../Engine/Plugins/2D/Paper2D/Content/DummySprite.uasset" 3
"../../../Engine/Plugins/2D/Paper2D/Content/DummySprite.uexp" 4
"../../../Engine/Plugins/2D/Paper2D/Content/DefaultPaperTerrainMaterial.uasset" 5
"../../../Engine/Plugins/2D/Paper2D/Content/DefaultPaperTerrainMaterial.uexp" 6
"../../../Engine/Plugins/Animation/ACLPlugin/Content/ACLAnimBoneCompressionSettings.uasset" 7
"../../../Engine/Plugins/Animation/ACLPlugin/Content/ACLAnimBoneCompressionSettings.uexp" 8
"../../../Engine/Plugins/Animation/ACLPlugin/Content/ACLAnimCurveCompressionSettings.uasset" 9
"../../../Engine/Plugins/Animation/ACLPlugin/Content/ACLAnimCurveCompressionSettings.uexp" 10
"../../../Engine/Content/Animation/DefaultRecorderBoneCompression.uasset" 11
"../../../Engine/Content/Animation/DefaultRecorderBoneCompression.uexp" 12
"../../../Engine/Content/Animation/DefaultVariableFrameStrippingSettings.uasset" 13
"../../../Engine/Content/Animation/DefaultVariableFrameStrippingSettings.uexp" 14
"../../../Engine/Content/EngineFonts/Faces/DroidSansFallback.uexp" 15
"../../../Engine/Content/EngineFonts/Faces/DroidSansFallback.uasset" 16
"../../../Engine/Content/EngineFonts/Faces/DroidSansFallback.ufont" 17
"../../../Engine/Content/EngineFonts/Faces/RobotoBold.uexp" 18
"../../../Engine/Content/EngineFonts/Faces/RobotoBold.uasset" 19
"../../../Engine/Content/EngineFonts/Faces/RobotoBold.ufont" 20
"../../../Engine/Content/EngineFonts/Faces/RobotoBoldItalic.uexp" 21
"../../../Engine/Content/EngineFonts/Faces/RobotoBoldItalic.uasset" 22
"../../../Engine/Content/EngineFonts/Faces/RobotoBoldItalic.ufont" 23
"../../../Engine/Content/EngineFonts/Faces/RobotoItalic.uexp" 24
"../../../Engine/Content/EngineFonts/Faces/RobotoItalic.uasset" 25
"../../../Engine/Content/EngineFonts/Faces/RobotoItalic.ufont" 26
"../../../Engine/Content/EngineFonts/Faces/RobotoLight.uexp" 27
"../../../Engine/Content/EngineFonts/Faces/RobotoLight.uasset" 28
"../../../Engine/Content/EngineFonts/Faces/RobotoLight.ufont" 29
"../../../Engine/Content/EngineFonts/Faces/RobotoRegular.uexp" 30
"../../../Engine/Content/EngineFonts/Faces/RobotoRegular.uasset" 31
"../../../Engine/Content/EngineFonts/Faces/RobotoRegular.ufont" 32
"../../../Engine/Content/EngineFonts/Roboto.uasset" 33
"../../../Engine/Content/EngineFonts/Roboto.uexp" 34
"../../../Engine/Content/EngineMaterials/DefaultDestructiblePhysicalMaterial.uasset" 35
"../../../Engine/Content/EngineMaterials/DefaultDestructiblePhysicalMaterial.uexp" 36
"../../../Engine/Content/EngineMaterials/DefaultPhysicalMaterial.uasset" 37
"../../../Engine/Content/EngineMaterials/DefaultPhysicalMaterial.uexp" 38
"../../../Engine/Content/EngineSounds/Master.uasset" 39
"../../../Engine/Content/EngineSounds/Master.uexp" 40
"../../../Engine/Plugins/Animation/ControlRig/Content/Controls/DefaultGizmoLibraryNormalized.uasset" 41
"../../../Engine/Plugins/Animation/ControlRig/Content/Controls/DefaultGizmoLibraryNormalized.uexp" 42
"../../../Engine/Plugins/2D/Paper2D/Content/DefaultSpriteMaterial.uasset" 43
"../../../Engine/Plugins/2D/Paper2D/Content/DefaultSpriteMaterial.uexp" 44
"../../../Engine/Plugins/2D/Paper2D/Content/MaskedUnlitSpriteMaterial.uasset" 45
"../../../Engine/Plugins/2D/Paper2D/Content/MaskedUnlitSpriteMaterial.uexp" 46
"../../../Engine/Plugins/2D/Paper2D/Content/OpaqueUnlitSpriteMaterial.uasset" 47
"../../../Engine/Plugins/2D/Paper2D/Content/OpaqueUnlitSpriteMaterial.uexp" 48
"../../../Engine/Content/EngineMaterials/T_Default_Material_Grid_M.ubulk" 49
"../../../Engine/Content/EngineMaterials/T_Default_Material_Grid_M.uasset" 50
"../../../Engine/Content/EngineMaterials/T_Default_Material_Grid_M.uexp" 51
"../../../Engine/Content/EngineMaterials/T_Default_Material_Grid_N.ubulk" 52
"../../../Engine/Content/EngineMaterials/T_Default_Material_Grid_N.uasset" 53
"../../../Engine/Content/EngineMaterials/T_Default_Material_Grid_N.uexp" 54
"../../../Engine/Content/Functions/Engine_MaterialFunctions01/Opacity/CameraDepthFade.uasset" 55
"../../../Engine/Content/Functions/Engine_MaterialFunctions01/Opacity/CameraDepthFade.uexp" 56
"../../../Engine/Content/EngineMaterials/WorldGridMaterial.uasset" 57
"../../../Engine/Content/EngineMaterials/WorldGridMaterial.uexp" 58
"../../../Engine/Plugins/Animation/ControlRig/Content/Controls/ControlRig_RoundedSquare_solid.ubulk" 59
"../../../Engine/Plugins/Animation/ControlRig/Content/Controls/ControlRig_RoundedSquare_solid.uasset" 60
"../../../Engine/Plugins/Animation/ControlRig/Content/Controls/ControlRig_RoundedSquare_solid.uexp" 61
"../../../Engine/Plugins/Animation/ControlRig/Content/Controls/ControlRig_RoundedTriangle_1mm.ubulk" 62
"../../../Engine/Plugins/Animation/ControlRig/Content/Controls/ControlRig_RoundedTriangle_1mm.uasset" 63
"../../../Engine/Plugins/Animation/ControlRig/Content/Controls/ControlRig_RoundedTriangle_1mm.uexp" 64
"../../../Engine/Plugins/Animation/ControlRig/Content/Controls/ControlRig_RoundedTriangle_3mm.ubulk" 65
"../../../Engine/Plugins/Animation/ControlRig/Content/Controls/ControlRig_RoundedTriangle_3mm.uasset" 66
"../../../Engine/Plugins/Animation/ControlRig/Content/Controls/ControlRig_RoundedTriangle_3mm.uexp" 67
"../../../Engine/Content/EngineDebugMaterials/M_SimpleUnlitTranslucent.uasset" 68
"../../../Engine/Content/EngineDebugMaterials/M_SimpleUnlitTranslucent.uexp" 69
"../../../Engine/Plugins/Animation/ControlRig/Content/Controls/ControlRig_RoundedTriangle_solid.ubulk" 70
"../../../Engine/Plugins/Animation/ControlRig/Content/Controls/ControlRig_RoundedTriangle_solid.uasset" 71
"../../../Engine/Plugins/Animation/ControlRig/Content/Controls/ControlRig_RoundedTriangle_solid.uexp" 72
"../../../Engine/Content/Functions/Engine_MaterialFunctions02/Utility/CameraDirectionVector.uasset" 73
"../../../Engine/Content/Functions/Engine_MaterialFunctions02/Utility/CameraDirectionVector.uexp" 74
"../../../Engine/Content/EngineDebugMaterials/VolumeToRender.uasset" 75
"../../../Engine/Content/EngineDebugMaterials/VolumeToRender.uexp" 76
"../../../Engine/Content/EngineDebugMaterials/M_VolumeRenderSphereTracePP.uasset" 77
"../../../Engine/Content/EngineDebugMaterials/M_VolumeRenderSphereTracePP.uexp" 78
"../../../Engine/Plugins/Animation/ControlRig/Content/Controls/ControlRig_Sphere_1mm.ubulk" 79
"../../../Engine/Plugins/Animation/ControlRig/Content/Controls/ControlRig_Sphere_1mm.uasset" 80
"../../../Engine/Plugins/Animation/ControlRig/Content/Controls/ControlRig_Sphere_1mm.uexp" 81
"../../../Engine/Plugins/Animation/ControlRig/Content/Controls/ControlRig_Sphere_3mm.ubulk" 82
"../../../Engine/Plugins/Animation/ControlRig/Content/Controls/ControlRig_Sphere_3mm.uasset" 83
"../../../Engine/Plugins/Animation/ControlRig/Content/Controls/ControlRig_Sphere_3mm.uexp" 84
"../../../Engine/Plugins/Animation/ControlRig/Content/Controls/ControlRig_Sphere_solid.ubulk" 85
"../../../Engine/Plugins/Animation/ControlRig/Content/Controls/ControlRig_Sphere_solid.uasset" 86
"../../../Engine/Plugins/Animation/ControlRig/Content/Controls/ControlRig_Sphere_solid.uexp" 87
"../../../Engine/Plugins/Animation/ControlRig/Content/Controls/ControlRig_Square_1mm.ubulk" 88
"../../../Engine/Plugins/Animation/ControlRig/Content/Controls/ControlRig_Square_1mm.uasset" 89
"../../../Engine/Plugins/Animation/ControlRig/Content/Controls/ControlRig_Square_1mm.uexp" 90
"../../../Engine/Content/EngineResources/Black.uasset" 91
"../../../Engine/Content/EngineResources/Black.uexp" 92
"../../../Engine/Plugins/Animation/ControlRig/Content/Controls/ControlRig_Square_3mm.ubulk" 93
"../../../Engine/Plugins/Animation/ControlRig/Content/Controls/ControlRig_Square_3mm.uasset" 94
"../../../Engine/Plugins/Animation/ControlRig/Content/Controls/ControlRig_Square_3mm.uexp" 95
"../../../Engine/Content/EditorMaterials/PhAT_NoCollisionMaterial.uasset" 96
"../../../Engine/Content/EditorMaterials/PhAT_NoCollisionMaterial.uexp" 97
"../../../Engine/Content/EditorMaterials/PhAT_UnselectedMaterial.uasset" 98
"../../../Engine/Content/EditorMaterials/PhAT_UnselectedMaterial.uexp" 99
"../../../Engine/Plugins/Animation/ControlRig/Content/Controls/ControlRig_Square_solid.ubulk" 100
"../../../Engine/Plugins/Animation/ControlRig/Content/Controls/ControlRig_Square_solid.uasset" 101
"../../../Engine/Plugins/Animation/ControlRig/Content/Controls/ControlRig_Square_solid.uexp" 102
"../../../Engine/Plugins/Animation/ControlRig/Content/Controls/ControlRig_Star4_1mm.ubulk" 103
"../../../Engine/Plugins/Animation/ControlRig/Content/Controls/ControlRig_Star4_1mm.uasset" 104
"../../../Engine/Plugins/Animation/ControlRig/Content/Controls/ControlRig_Star4_1mm.uexp" 105
"../../../Engine/Content/EditorMaterials/PreviewShadowIndicator.ubulk" 106
"../../../Engine/Content/EditorMaterials/PreviewShadowIndicator.uasset" 107
"../../../Engine/Content/EditorMaterials/PreviewShadowIndicator.uexp" 108
"../../../Engine/Content/EditorMaterials/PreviewShadowIndicatorMaterial.uasset" 109
"../../../Engine/Content/EditorMaterials/PreviewShadowIndicatorMaterial.uexp" 110
"../../../Engine/Plugins/Animation/ControlRig/Content/Controls/ControlRig_Star4_3mm.ubulk" 111
"../../../Engine/Plugins/Animation/ControlRig/Content/Controls/ControlRig_Star4_3mm.uasset" 112
"../../../Engine/Plugins/Animation/ControlRig/Content/Controls/ControlRig_Star4_3mm.uexp" 113
"../../../Engine/Plugins/Animation/ControlRig/Content/Controls/ControlRig_Star4_solid.ubulk" 114
"../../../Engine/Plugins/Animation/ControlRig/Content/Controls/ControlRig_Star4_solid.uasset" 115
"../../../Engine/Plugins/Animation/ControlRig/Content/Controls/ControlRig_Star4_solid.uexp" 116
"../../../Engine/Plugins/Animation/ControlRig/Content/Controls/ControlRig_Triangle_1mm.ubulk" 117
"../../../Engine/Plugins/Animation/ControlRig/Content/Controls/ControlRig_Triangle_1mm.uasset" 118
"../../../Engine/Plugins/Animation/ControlRig/Content/Controls/ControlRig_Triangle_1mm.uexp" 119
"../../../Engine/Plugins/Animation/ControlRig/Content/Controls/ControlRig_Triangle_3mm.ubulk" 120
"../../../Engine/Plugins/Animation/ControlRig/Content/Controls/ControlRig_Triangle_3mm.uasset" 121
"../../../Engine/Plugins/Animation/ControlRig/Content/Controls/ControlRig_Triangle_3mm.uexp" 122
"../../../Engine/Plugins/Animation/ControlRig/Content/Controls/ControlRig_Triangle_solid.ubulk" 123
"../../../Engine/Plugins/Animation/ControlRig/Content/Controls/ControlRig_Triangle_solid.uasset" 124
"../../../Engine/Plugins/Animation/ControlRig/Content/Controls/ControlRig_Triangle_solid.uexp" 125
"../../../Engine/Plugins/Animation/ControlRig/Content/Controls/ControlRig_Wedge_1mm.ubulk" 126
"../../../Engine/Plugins/Animation/ControlRig/Content/Controls/ControlRig_Wedge_1mm.uasset" 127
"../../../Engine/Plugins/Animation/ControlRig/Content/Controls/ControlRig_Wedge_1mm.uexp" 128
"../../../Engine/Plugins/Animation/ControlRig/Content/Controls/ControlRig_Wedge_3mm.ubulk" 129
"../../../Engine/Plugins/Animation/ControlRig/Content/Controls/ControlRig_Wedge_3mm.uasset" 130
"../../../Engine/Plugins/Animation/ControlRig/Content/Controls/ControlRig_Wedge_3mm.uexp" 131
"../../../Engine/Plugins/Animation/ControlRig/Content/Controls/ControlRig_Wedge_solid.ubulk" 132
"../../../Engine/Plugins/Animation/ControlRig/Content/Controls/ControlRig_Wedge_solid.uasset" 133
"../../../Engine/Plugins/Animation/ControlRig/Content/Controls/ControlRig_Wedge_solid.uexp" 134
"../../../Engine/Content/EngineMaterials/DefaultBloomKernel.uasset" 135
"../../../Engine/Content/EngineMaterials/DefaultBloomKernel.uexp" 136
"../../../Engine/Content/EngineMaterials/DefaultBokeh.uasset" 137
"../../../Engine/Content/EngineMaterials/DefaultBokeh.uexp" 138
"../../../Engine/Content/EngineResources/DefaultTextureCube.uasset" 139
"../../../Engine/Content/EngineResources/DefaultTextureCube.uexp" 140
"../../../Engine/Content/EditorResources/BSPVertex.uasset" 141
"../../../Engine/Content/EditorResources/BSPVertex.uexp" 142
"../../../Engine/Content/EngineMaterials/DefaultDiffuse.ubulk" 143
"../../../Engine/Content/EngineMaterials/DefaultDiffuse.uasset" 144
"../../../Engine/Content/EngineMaterials/DefaultDiffuse.uexp" 145
"../../../Engine/Content/EngineMaterials/DefaultDeferredDecalMaterial.uasset" 146
"../../../Engine/Content/EngineMaterials/DefaultDeferredDecalMaterial.uexp" 147
"../../../Engine/Content/Functions/Engine_MaterialFunctions02/Utility/VectorLength.uasset" 148
"../../../Engine/Content/Functions/Engine_MaterialFunctions02/Utility/VectorLength.uexp" 149
"../../../Engine/Plugins/Experimental/MeshModelingToolsetExp/Content/Materials/GetDisplacementVectorForDepthBias.uasset" 150
"../../../Engine/Plugins/Experimental/MeshModelingToolsetExp/Content/Materials/GetDisplacementVectorForDepthBias.uexp" 151
"../../../Engine/Content/Functions/Engine_MaterialFunctions03/Viewport/MF_OrthoWidth.uasset" 152
"../../../Engine/Content/Functions/Engine_MaterialFunctions03/Viewport/MF_OrthoWidth.uexp" 153
"../../../Engine/Content/Functions/Engine_MaterialFunctions02/Utility/FOV.uasset" 154
"../../../Engine/Content/Functions/Engine_MaterialFunctions02/Utility/FOV.uexp" 155
"../../../Engine/Content/Functions/Engine_MaterialFunctions02/WorldPositionOffset/V2/ObjectScale.uasset" 156
"../../../Engine/Content/Functions/Engine_MaterialFunctions02/WorldPositionOffset/V2/ObjectScale.uexp" 157
"../../../Engine/Plugins/Experimental/MeshModelingToolsetExp/Content/Materials/PointSetOverlaidComponentMaterial.uasset" 158
"../../../Engine/Plugins/Experimental/MeshModelingToolsetExp/Content/Materials/PointSetOverlaidComponentMaterial.uexp" 159
"../../../Engine/Content/EngineMaterials/DefaultLightFunctionMaterial.uasset" 160
"../../../Engine/Content/EngineMaterials/DefaultLightFunctionMaterial.uexp" 161
"../../../Engine/Content/EngineResources/GradientTexture0.uasset" 162
"../../../Engine/Content/EngineResources/GradientTexture0.uexp" 163
"../../../Engine/Content/EngineResources/LandscapeVisibilityLayerInfo.uasset" 164
"../../../Engine/Content/EngineResources/LandscapeVisibilityLayerInfo.uexp" 165
"../../../Engine/Content/Functions/Engine_MaterialFunctions02/Utility/BreakOutFloat2Components.uasset" 166
"../../../Engine/Content/Functions/Engine_MaterialFunctions02/Utility/BreakOutFloat2Components.uexp" 167
"../../../Engine/Content/EngineMaterials/DefaultPostProcessMaterial.uasset" 168
"../../../Engine/Content/EngineMaterials/DefaultPostProcessMaterial.uexp" 169
"../../../Engine/Content/EngineFonts/RobotoDistanceField.uasset" 170
"../../../Engine/Content/EngineFonts/RobotoDistanceField.uexp" 171
"../../../Engine/Content/EngineMaterials/DefaultTextMaterialOpaque.uasset" 172
"../../../Engine/Content/EngineMaterials/DefaultTextMaterialOpaque.uexp" 173
"../../../Engine/Content/EditorResources/S_Actor.ubulk" 174
"../../../Engine/Content/EditorResources/S_Actor.uasset" 175
"../../../Engine/Content/EditorResources/S_Actor.uexp" 176
"../../../Engine/Content/EngineMaterials/DefaultWhiteGrid.ubulk" 177
"../../../Engine/Content/EngineMaterials/DefaultWhiteGrid.uasset" 178
"../../../Engine/Content/EngineMaterials/DefaultWhiteGrid.uexp" 179
"../../../Engine/Content/EditorResources/S_BoxReflectionCapture.uasset" 180
"../../../Engine/Content/EditorResources/S_BoxReflectionCapture.uexp" 181
"../../../Engine/Content/EngineMaterials/DefaultWhiteGrid_Low.uasset" 182
"../../../Engine/Content/EngineMaterials/DefaultWhiteGrid_Low.uexp" 183
"../../../Engine/Content/EngineMaterials/EmissiveMeshMaterial.uasset" 184
"../../../Engine/Content/EngineMaterials/EmissiveMeshMaterial.uexp" 185
"../../../Engine/Content/EngineMaterials/FastBlueNoise_scalar_128x128x64.uasset" 186
"../../../Engine/Content/EngineMaterials/FastBlueNoise_scalar_128x128x64.uexp" 187
"../../../Engine/Content/EngineMaterials/FastBlueNoise_scalar_128x128x8.uasset" 188
"../../../Engine/Content/EngineMaterials/FastBlueNoise_scalar_128x128x8.uexp" 189
"../../../Engine/Content/EngineMaterials/FastBlueNoise_vec2_128x128x64.uasset" 190
"../../../Engine/Content/EngineMaterials/FastBlueNoise_vec2_128x128x64.uexp" 191
"../../../Engine/Content/EngineMaterials/BaseFlattenDiffuseMap.uasset" 192
"../../../Engine/Content/EngineMaterials/BaseFlattenDiffuseMap.uexp" 193
"../../../Engine/Content/EngineMaterials/BaseFlattenEmissiveMap.uasset" 194
"../../../Engine/Content/EngineMaterials/BaseFlattenEmissiveMap.uexp" 195
"../../../Engine/Content/EngineMaterials/BaseFlattenGrayscaleMap.uasset" 196
"../../../Engine/Content/EngineMaterials/BaseFlattenGrayscaleMap.uexp" 197
"../../../Engine/Content/EngineMaterials/BaseFlattenLinearColor.uasset" 198
"../../../Engine/Content/EngineMaterials/BaseFlattenLinearColor.uexp" 199
"../../../Engine/Content/EngineMaterials/BaseFlattenNormalMap.uasset" 200
"../../../Engine/Content/EngineMaterials/BaseFlattenNormalMap.uexp" 201
"../../../Engine/Content/Functions/Engine_MaterialFunctions02/PivotPainter2/Black_1x1_EXR_Texture.uasset" 202
"../../../Engine/Content/Functions/Engine_MaterialFunctions02/PivotPainter2/Black_1x1_EXR_Texture.uexp" 203
"../../../Engine/Content/EngineMaterials/FlattenMaterial.uasset" 204
"../../../Engine/Content/EngineMaterials/FlattenMaterial.uexp" 205
"../../../Engine/Content/EngineMaterials/BaseFlattenDiffuseMap_VT.ubulk" 206
"../../../Engine/Content/EngineMaterials/BaseFlattenDiffuseMap_VT.uasset" 207
"../../../Engine/Content/EngineMaterials/BaseFlattenDiffuseMap_VT.uexp" 208
"../../../Engine/Content/EngineMaterials/BaseFlattenEmissiveMap_VT.ubulk" 209
"../../../Engine/Content/EngineMaterials/BaseFlattenEmissiveMap_VT.uasset" 210
"../../../Engine/Content/EngineMaterials/BaseFlattenEmissiveMap_VT.uexp" 211
"../../../Engine/Content/EngineMaterials/BaseFlattenGrayscaleMap_VT.ubulk" 212
"../../../Engine/Content/EngineMaterials/BaseFlattenGrayscaleMap_VT.uasset" 213
"../../../Engine/Content/EngineMaterials/BaseFlattenGrayscaleMap_VT.uexp" 214
"../../../Engine/Content/EngineMaterials/BaseFlattenLinearColor_VT.ubulk" 215
"../../../Engine/Content/EngineMaterials/BaseFlattenLinearColor_VT.uasset" 216
"../../../Engine/Content/EngineMaterials/BaseFlattenLinearColor_VT.uexp" 217
"../../../Engine/Content/EngineMaterials/BaseFlattenNormalMap_VT.ubulk" 218
"../../../Engine/Content/EngineMaterials/BaseFlattenNormalMap_VT.uasset" 219
"../../../Engine/Content/EngineMaterials/BaseFlattenNormalMap_VT.uexp" 220
"../../../Engine/Content/EngineMaterials/Black_1x1_EXR_Texture_VT.ubulk" 221
"../../../Engine/Content/EngineMaterials/Black_1x1_EXR_Texture_VT.uasset" 222
"../../../Engine/Content/EngineMaterials/Black_1x1_EXR_Texture_VT.uexp" 223
"../../../Engine/Content/EngineMaterials/FlattenMaterial_VT.uasset" 224
"../../../Engine/Content/EngineMaterials/FlattenMaterial_VT.uexp" 225
"../../../Engine/Content/EngineMaterials/FlattenMaterial_WS_Normal_VT.uasset" 226
"../../../Engine/Content/EngineMaterials/FlattenMaterial_WS_Normal_VT.uexp" 227
"../../../Engine/Content/EngineMaterials/GizmoMaterial.uasset" 228
"../../../Engine/Content/EngineMaterials/GizmoMaterial.uexp" 229
"../../../Engine/Content/EditorResources/S_Solver.ubulk" 230
"../../../Engine/Content/EditorResources/S_Solver.uasset" 231
"../../../Engine/Content/EditorResources/S_Solver.uexp" 232
"../../../Engine/Content/EditorResources/S_Terrain.ubulk" 233
"../../../Engine/Content/EditorResources/S_Terrain.uasset" 234
"../../../Engine/Content/EditorResources/S_Terrain.uexp" 235
"../../../Engine/Content/EngineMaterials/MiniFont.uasset" 236
"../../../Engine/Content/EngineMaterials/MiniFont.uexp" 237
"../../../Engine/Content/EngineMaterials/InvalidLightmapSettings.ubulk" 238
"../../../Engine/Content/EngineMaterials/InvalidLightmapSettings.uasset" 239
"../../../Engine/Content/EngineMaterials/InvalidLightmapSettings.uexp" 240
"../../../Engine/Content/EngineMaterials/M_InvalidLightmapSettings.uasset" 241
"../../../Engine/Content/EngineMaterials/M_InvalidLightmapSettings.uexp" 242
"../../../Engine/Content/EditorResources/S_Trigger.ubulk" 243
"../../../Engine/Content/EditorResources/S_Trigger.uasset" 244
"../../../Engine/Content/EditorResources/S_Trigger.uexp" 245
"../../../Engine/Content/EngineMaterials/NaniteHiddenSectionMaterial.uasset" 246
"../../../Engine/Content/EngineMaterials/NaniteHiddenSectionMaterial.uexp" 247
"../../../Engine/Content/MobileResources/HUD/VirtualJoystick_Background.uasset" 248
"../../../Engine/Content/MobileResources/HUD/VirtualJoystick_Background.uexp" 249
"../../../Engine/Content/MobileResources/HUD/VirtualJoystick_Thumb.uasset" 250
"../../../Engine/Content/MobileResources/HUD/VirtualJoystick_Thumb.uexp" 251
"../../../Engine/Content/MobileResources/HUD/DefaultVirtualJoysticks.uasset" 252
"../../../Engine/Content/MobileResources/HUD/DefaultVirtualJoysticks.uexp" 253
"../../../Engine/Content/EditorResources/S_TriggerBox.uasset" 254
"../../../Engine/Content/EditorResources/S_TriggerBox.uexp" 255
"../../../Engine/Content/EditorResources/S_TriggerCapsule.uasset" 256
"../../../Engine/Content/EditorResources/S_TriggerCapsule.uexp" 257
"../../../Engine/Content/EditorResources/S_TriggerSphere.uasset" 258
"../../../Engine/Content/EditorResources/S_TriggerSphere.uexp" 259
"../../../Engine/Content/Functions/Engine_MaterialFunctions02/WorldPositionOffset/CameraOffset.uasset" 260
"../../../Engine/Content/Functions/Engine_MaterialFunctions02/WorldPositionOffset/CameraOffset.uexp" 261
"../../../Engine/Content/EngineMaterials/PhAT_JointLimitMaterial.uasset" 262
"../../../Engine/Content/EngineMaterials/PhAT_JointLimitMaterial.uexp" 263
"../../../Engine/Content/EngineMaterials/DefaultCalibrationColor.uasset" 264
"../../../Engine/Content/EngineMaterials/DefaultCalibrationColor.uexp" 265
"../../../Engine/Content/EngineMaterials/PPM_DefaultCalibrationColor.uasset" 266
"../../../Engine/Content/EngineMaterials/PPM_DefaultCalibrationColor.uexp" 267
"../../../Engine/Content/EngineMaterials/DefaultCalibrationGrayscale.uasset" 268
"../../../Engine/Content/EngineMaterials/DefaultCalibrationGrayscale.uexp" 269
"../../../Engine/Content/EngineMaterials/PPM_DefaultCalibrationGrayscale.uasset" 270
"../../../Engine/Content/EngineMaterials/PPM_DefaultCalibrationGrayscale.uexp" 271
"../../../Engine/Content/EngineMaterials/PreintegratedSkinBRDF.uasset" 272
"../../../Engine/Content/EngineMaterials/PreintegratedSkinBRDF.uexp" 273
"../../../Engine/Content/EngineDamageTypes/DmgTypeBP_Environmental.uasset" 274
"../../../Engine/Content/EngineDamageTypes/DmgTypeBP_Environmental.uexp" 275
"../../../Engine/Content/EngineMaterials/RemoveSurfaceMaterial.uasset" 276
"../../../Engine/Content/EngineMaterials/RemoveSurfaceMaterial.uexp" 277
"../../../Engine/Content/EngineMaterials/SMAAAreaTex.uasset" 278
"../../../Engine/Content/EngineMaterials/SMAAAreaTex.uexp" 279
"../../../Engine/Content/EngineMaterials/SMAASearchTex.uasset" 280
"../../../Engine/Content/EngineMaterials/SMAASearchTex.uexp" 281
"../../../Engine/Content/EngineDebugMaterials/DebugEditorMaterial.uasset" 282
"../../../Engine/Content/EngineDebugMaterials/DebugEditorMaterial.uexp" 283
"../../../Engine/Content/EngineDebugMaterials/DebugMeshMaterial.uasset" 284
"../../../Engine/Content/EngineDebugMaterials/DebugMeshMaterial.uexp" 285
"../../../Engine/Content/EngineMaterials/WeightMapPlaceholderTexture.uasset" 286
"../../../Engine/Content/EngineMaterials/WeightMapPlaceholderTexture.uexp" 287
"../../../Engine/Content/EngineMaterials/WeightMapArrayPlaceholderTexture.uasset" 288
"../../../Engine/Content/EngineMaterials/WeightMapArrayPlaceholderTexture.uexp" 289
"../../../Engine/Content/EngineResources/WhiteSquareTexture.uasset" 290
"../../../Engine/Content/EngineResources/WhiteSquareTexture.uexp" 291
"../../../Engine/Content/EngineMaterials/Widget3DPassThrough.uasset" 292
"../../../Engine/Content/EngineMaterials/Widget3DPassThrough.uexp" 293
"../../../Engine/Content/EngineMaterials/Widget3DPassThrough_Masked.uasset" 294
"../../../Engine/Content/EngineMaterials/Widget3DPassThrough_Masked.uexp" 295
"../../../Engine/Content/EngineMaterials/Widget3DPassThrough_Opaque.uasset" 296
"../../../Engine/Content/EngineMaterials/Widget3DPassThrough_Opaque.uexp" 297
"../../../Engine/Content/EngineMaterials/Widget3DPassThrough_Masked_OneSided.uasset" 298
"../../../Engine/Content/EngineMaterials/Widget3DPassThrough_Masked_OneSided.uexp" 299
"../../../Engine/Content/EngineMaterials/Widget3DPassThrough_Opaque_OneSided.uasset" 300
"../../../Engine/Content/EngineMaterials/Widget3DPassThrough_Opaque_OneSided.uexp" 301
"../../../Engine/Content/EngineMaterials/Widget3DPassThrough_Translucent.uasset" 302
"../../../Engine/Content/EngineMaterials/Widget3DPassThrough_Translucent.uexp" 303
"../../../Engine/Content/EngineMaterials/Widget3DPassThrough_Translucent_OneSided.uasset" 304
"../../../Engine/Content/EngineMaterials/Widget3DPassThrough_Translucent_OneSided.uexp" 305
"../../../Engine/Content/EngineMeshes/Sphere.ubulk" 306
"../../../Engine/Content/EngineMeshes/Sphere.uasset" 307
"../../../Engine/Content/EngineMeshes/Sphere.uexp" 308
"../../../Engine/Plugins/Interchange/Assets/Content/Substrate/MX_SimpleVolume.uasset" 309
"../../../Engine/Plugins/Interchange/Assets/Content/Substrate/MX_SimpleVolume.uexp" 310
"../../../Engine/Content/Functions/Engine_MaterialFunctions02/Utility/MakeFloat3.uasset" 311
"../../../Engine/Content/Functions/Engine_MaterialFunctions02/Utility/MakeFloat3.uexp" 312
"../../../Engine/Content/Functions/Engine_MaterialFunctions02/SplitComponents.uasset" 313
"../../../Engine/Content/Functions/Engine_MaterialFunctions02/SplitComponents.uexp" 314
"../../../Engine/Content/Functions/Engine_MaterialFunctions02/Utility/BreakOutFloat3Components.uasset" 315
"../../../Engine/Content/Functions/Engine_MaterialFunctions02/Utility/BreakOutFloat3Components.uexp" 316
"../../../Engine/Content/Functions/Engine_MaterialFunctions02/Math/Transform3x3Matrix.uasset" 317
"../../../Engine/Content/Functions/Engine_MaterialFunctions02/Math/Transform3x3Matrix.uexp" 318
"../../../Engine/Content/VREditor/SnapGrid/SnapGridMaterial.uasset" 319
"../../../Engine/Content/VREditor/SnapGrid/SnapGridMaterial.uexp" 320
"../../../Engine/Content/VREditor/SnapGrid/SnapGridPlaneMesh.ubulk" 321
"../../../Engine/Content/VREditor/SnapGrid/SnapGridPlaneMesh.uasset" 322
"../../../Engine/Content/VREditor/SnapGrid/SnapGridPlaneMesh.uexp" 323
"../../../Engine/Content/VREditor/LaserPointer/VR_LaserPower_01.ubulk" 324
"../../../Engine/Content/VREditor/LaserPointer/VR_LaserPower_01.uasset" 325
"../../../Engine/Content/VREditor/LaserPointer/VR_LaserPower_01.uexp" 326
"../../../Engine/Content/VREditor/TransformGizmo/TransformGizmoMaterial.uasset" 327
"../../../Engine/Content/VREditor/TransformGizmo/TransformGizmoMaterial.uexp" 328
"../../../Engine/Content/VREditor/TransformGizmo/TranslucentTransformGizmoMaterial.uasset" 329
"../../../Engine/Content/VREditor/TransformGizmo/TranslucentTransformGizmoMaterial.uexp" 330
"../../../Engine/Content/VREditor/TransformGizmo/PlaneTranslationHandle.ubulk" 331
"../../../Engine/Content/VREditor/TransformGizmo/PlaneTranslationHandle.uasset" 332
"../../../Engine/Content/VREditor/TransformGizmo/PlaneTranslationHandle.uexp" 333
"../../../Engine/Content/VREditor/TransformGizmo/RotationHandleFull.ubulk" 334
"../../../Engine/Content/VREditor/TransformGizmo/RotationHandleFull.uasset" 335
"../../../Engine/Content/VREditor/TransformGizmo/RotationHandleFull.uexp" 336
"../../../Engine/Content/VREditor/TransformGizmo/RotationHandleIndicator.ubulk" 337
"../../../Engine/Content/VREditor/TransformGizmo/RotationHandleIndicator.uasset" 338
"../../../Engine/Content/VREditor/TransformGizmo/RotationHandleIndicator.uexp" 339
"../../../Engine/Content/VREditor/TransformGizmo/RotationHandleQuarter.ubulk" 340
"../../../Engine/Content/VREditor/TransformGizmo/RotationHandleQuarter.uasset" 341
"../../../Engine/Content/VREditor/TransformGizmo/RotationHandleQuarter.uexp" 342
"../../../Engine/Content/VREditor/TransformGizmo/StartRotationHandleIndicator.ubulk" 343
"../../../Engine/Content/VREditor/TransformGizmo/StartRotationHandleIndicator.uasset" 344
"../../../Engine/Content/VREditor/TransformGizmo/StartRotationHandleIndicator.uexp" 345
"../../../Engine/Content/VREditor/TransformGizmo/TranslucentTransformGizmoMaterial_Inst.uasset" 346
"../../../Engine/Content/VREditor/TransformGizmo/TranslucentTransformGizmoMaterial_Inst.uexp" 347
"../../../Engine/Content/VREditor/TransformGizmo/TransformGizmoFreeRotation.ubulk" 348
"../../../Engine/Content/VREditor/TransformGizmo/TransformGizmoFreeRotation.uasset" 349
"../../../Engine/Content/VREditor/TransformGizmo/TransformGizmoFreeRotation.uexp" 350
"../../../Engine/Content/VREditor/TransformGizmo/TransformGizmoMaterial_Inst.uasset" 351
"../../../Engine/Content/VREditor/TransformGizmo/TransformGizmoMaterial_Inst.uexp" 352
"../../../Engine/Content/VREditor/TransformGizmo/TranslateArrowHandle.ubulk" 353
"../../../Engine/Content/VREditor/TransformGizmo/TranslateArrowHandle.uasset" 354
"../../../Engine/Content/VREditor/TransformGizmo/TranslateArrowHandle.uexp" 355
"../../../Engine/Content/VREditor/TransformGizmo/UniformScaleHandle.ubulk" 356
"../../../Engine/Content/VREditor/TransformGizmo/UniformScaleHandle.uasset" 357
"../../../Engine/Content/VREditor/TransformGizmo/UniformScaleHandle.uexp" 358
"../../../Engine/Content/VREditor/Sounds/UI/Drop_Item_From_ContentBrowser.ubulk" 359
"../../../Engine/Content/VREditor/Sounds/UI/Drop_Item_From_ContentBrowser.uasset" 360
"../../../Engine/Content/VREditor/Sounds/UI/Drop_Item_From_ContentBrowser.uexp" 361
"../../../Engine/Content/VREditor/Sounds/UI/Gizmo_Handle_Clicked.ubulk" 362
"../../../Engine/Content/VREditor/Sounds/UI/Gizmo_Handle_Clicked.uasset" 363
"../../../Engine/Content/VREditor/Sounds/UI/Gizmo_Handle_Clicked.uexp" 364
"../../../Engine/Content/VREditor/Sounds/UI/Object_PickUp.ubulk" 365
"../../../Engine/Content/VREditor/Sounds/UI/Object_PickUp.uasset" 366
"../../../Engine/Content/VREditor/Sounds/UI/Object_PickUp.uexp" 367
"../../../Engine/Content/VREditor/Sounds/UI/Object_Snaps_To_Another_Actor.ubulk" 368
"../../../Engine/Content/VREditor/Sounds/UI/Object_Snaps_To_Another_Actor.uasset" 369
"../../../Engine/Content/VREditor/Sounds/UI/Object_Snaps_To_Another_Actor.uexp" 370
"../../../Engine/Content/VREditor/Sounds/UI/Object_Snaps_To_Grid.ubulk" 371
"../../../Engine/Content/VREditor/Sounds/UI/Object_Snaps_To_Grid.uasset" 372
"../../../Engine/Content/VREditor/Sounds/UI/Object_Snaps_To_Grid.uexp" 373
"../../../Engine/Content/VREditor/Sounds/UI/Scaling_Down.ubulk" 374
"../../../Engine/Content/VREditor/Sounds/UI/Scaling_Down.uasset" 375
"../../../Engine/Content/VREditor/Sounds/UI/Scaling_Down.uexp" 376
"../../../Engine/Content/VREditor/Sounds/UI/Scaling_Up.ubulk" 377
"../../../Engine/Content/VREditor/Sounds/UI/Scaling_Up.uasset" 378
"../../../Engine/Content/VREditor/Sounds/UI/Scaling_Up.uexp" 379
"../../../Engine/Content/VREditor/Sounds/UI/Selection_Changes.ubulk" 380
"../../../Engine/Content/VREditor/Sounds/UI/Selection_Changes.uasset" 381
"../../../Engine/Content/VREditor/Sounds/UI/Selection_Changes.uexp" 382
"../../../Engine/Plugins/Animation/ControlRig/Content/Controls/ControlRigGizmoMaterial.uasset" 383
"../../../Engine/Plugins/Animation/ControlRig/Content/Controls/ControlRigGizmoMaterial.uexp" 384
"../../../Engine/Plugins/Animation/ControlRig/Content/Controls/ControlRigXRayMaterial.uasset" 385
"../../../Engine/Plugins/Animation/ControlRig/Content/Controls/ControlRigXRayMaterial.uexp" 386
"../../../Engine/Plugins/Animation/ControlRig/Content/Controls/ControlRig_Arrow2_1mm.ubulk" 387
"../../../Engine/Plugins/Animation/ControlRig/Content/Controls/ControlRig_Arrow2_1mm.uasset" 388
"../../../Engine/Plugins/Animation/ControlRig/Content/Controls/ControlRig_Arrow2_1mm.uexp" 389
"../../../Engine/Plugins/Animation/ControlRig/Content/Controls/ControlRig_Arrow2_3mm.ubulk" 390
"../../../Engine/Plugins/Animation/ControlRig/Content/Controls/ControlRig_Arrow2_3mm.uasset" 391
"../../../Engine/Plugins/Animation/ControlRig/Content/Controls/ControlRig_Arrow2_3mm.uexp" 392
"../../../Engine/Plugins/Animation/ControlRig/Content/Controls/ControlRig_Arrow2_solid.ubulk" 393
"../../../Engine/Plugins/Animation/ControlRig/Content/Controls/ControlRig_Arrow2_solid.uasset" 394
"../../../Engine/Plugins/Animation/ControlRig/Content/Controls/ControlRig_Arrow2_solid.uexp" 395
"../../../Engine/Plugins/Animation/ControlRig/Content/Controls/ControlRig_Arrow4_1mm.ubulk" 396
"../../../Engine/Plugins/Animation/ControlRig/Content/Controls/ControlRig_Arrow4_1mm.uasset" 397
"../../../Engine/Plugins/Animation/ControlRig/Content/Controls/ControlRig_Arrow4_1mm.uexp" 398
"../../../Engine/Plugins/Animation/ControlRig/Content/Controls/ControlRig_Arrow4_3mm.ubulk" 399
"../../../Engine/Plugins/Animation/ControlRig/Content/Controls/ControlRig_Arrow4_3mm.uasset" 400
"../../../Engine/Plugins/Animation/ControlRig/Content/Controls/ControlRig_Arrow4_3mm.uexp" 401
"../../../Engine/Plugins/Animation/ControlRig/Content/Controls/ControlRig_Arrow4_solid.ubulk" 402
"../../../Engine/Plugins/Animation/ControlRig/Content/Controls/ControlRig_Arrow4_solid.uasset" 403
"../../../Engine/Plugins/Animation/ControlRig/Content/Controls/ControlRig_Arrow4_solid.uexp" 404
"../../../Engine/Plugins/Animation/ControlRig/Content/Controls/ControlRig_Arrow_1mm.ubulk" 405
"../../../Engine/Plugins/Animation/ControlRig/Content/Controls/ControlRig_Arrow_1mm.uasset" 406
"../../../Engine/Plugins/Animation/ControlRig/Content/Controls/ControlRig_Arrow_1mm.uexp" 407
"../../../Engine/Plugins/Animation/ControlRig/Content/Controls/ControlRig_Arrow_3mm.ubulk" 408
"../../../Engine/Plugins/Animation/ControlRig/Content/Controls/ControlRig_Arrow_3mm.uasset" 409
"../../../Engine/Plugins/Animation/ControlRig/Content/Controls/ControlRig_Arrow_3mm.uexp" 410
"../../../Engine/Plugins/Animation/ControlRig/Content/Controls/ControlRig_Arrow_solid.ubulk" 411
"../../../Engine/Plugins/Animation/ControlRig/Content/Controls/ControlRig_Arrow_solid.uasset" 412
"../../../Engine/Plugins/Animation/ControlRig/Content/Controls/ControlRig_Arrow_solid.uexp" 413
"../../../Engine/Plugins/Interchange/Assets/Content/Functions/MX_AbsorptionVDF.uasset" 414
"../../../Engine/Plugins/Interchange/Assets/Content/Functions/MX_AbsorptionVDF.uexp" 415
"../../../Engine/Plugins/Interchange/Assets/Content/Functions/MX_AnisotropicVDF.uasset" 416
"../../../Engine/Plugins/Interchange/Assets/Content/Functions/MX_AnisotropicVDF.uexp" 417
"../../../Engine/Plugins/Interchange/Assets/Content/Functions/MX_BurleyDiffuseBSDF.uasset" 418
"../../../Engine/Plugins/Interchange/Assets/Content/Functions/MX_BurleyDiffuseBSDF.uexp" 419
"../../../Engine/Plugins/Interchange/Assets/Content/Functions/MX_ChiangHairBSDF.uasset" 420
"../../../Engine/Plugins/Interchange/Assets/Content/Functions/MX_ChiangHairBSDF.uexp" 421
"../../../Engine/Content/EditorResources/SequenceRecorder/Countdown.uasset" 422
"../../../Engine/Content/EditorResources/SequenceRecorder/Countdown.uexp" 423
"../../../Engine/Plugins/Interchange/Assets/Content/Functions/MX_ConductorBSDF.uasset" 424
"../../../Engine/Plugins/Interchange/Assets/Content/Functions/MX_ConductorBSDF.uexp" 425
"../../../Engine/Plugins/Interchange/Assets/Content/Functions/MX_ConicalEDF.uasset" 426
"../../../Engine/Plugins/Interchange/Assets/Content/Functions/MX_ConicalEDF.uexp" 427
"../../../Engine/Content/EditorResources/SequenceRecorder/RecordingIndicator.uasset" 428
"../../../Engine/Content/EditorResources/SequenceRecorder/RecordingIndicator.uexp" 429
"../../../Engine/Plugins/Interchange/Assets/Content/Functions/MX_DielectricBSDF.uasset" 430
"../../../Engine/Plugins/Interchange/Assets/Content/Functions/MX_DielectricBSDF.uexp" 431
"../../../Engine/Plugins/Interchange/Assets/Content/Functions/MX_Displacement.uasset" 432
"../../../Engine/Plugins/Interchange/Assets/Content/Functions/MX_Displacement.uexp" 433
"../../../Engine/Plugins/Interchange/Assets/Content/Functions/MX_GeneralizedSchlickBSDF.uasset" 434
"../../../Engine/Plugins/Interchange/Assets/Content/Functions/MX_GeneralizedSchlickBSDF.uexp" 435
"../../../Engine/Plugins/Animation/ControlRig/Content/Controls/ControlRig_Box_1mm.ubulk" 436
"../../../Engine/Plugins/Animation/ControlRig/Content/Controls/ControlRig_Box_1mm.uasset" 437
"../../../Engine/Plugins/Animation/ControlRig/Content/Controls/ControlRig_Box_1mm.uexp" 438
"../../../Engine/Plugins/Animation/ControlRig/Content/Controls/ControlRig_Box_3mm.ubulk" 439
"../../../Engine/Plugins/Animation/ControlRig/Content/Controls/ControlRig_Box_3mm.uasset" 440
"../../../Engine/Plugins/Animation/ControlRig/Content/Controls/ControlRig_Box_3mm.uexp" 441
"../../../Engine/Plugins/Animation/ControlRig/Content/Controls/ControlRig_Box_solid.ubulk" 442
"../../../Engine/Plugins/Animation/ControlRig/Content/Controls/ControlRig_Box_solid.uasset" 443
"../../../Engine/Plugins/Animation/ControlRig/Content/Controls/ControlRig_Box_solid.uexp" 444
"../../../Engine/Plugins/Animation/ControlRig/Content/Controls/ControlRig_Circle_1mm.ubulk" 445
"../../../Engine/Plugins/Animation/ControlRig/Content/Controls/ControlRig_Circle_1mm.uasset" 446
"../../../Engine/Plugins/Animation/ControlRig/Content/Controls/ControlRig_Circle_1mm.uexp" 447
"../../../Engine/Plugins/Interchange/Assets/Content/Functions/MX_MeasuredEDF.uasset" 448
"../../../Engine/Plugins/Interchange/Assets/Content/Functions/MX_MeasuredEDF.uexp" 449
"../../../Engine/Plugins/Runtime/AudioWidgets/Content/Resources/ScrubHandleDown_Clamped.uasset" 450
"../../../Engine/Plugins/Runtime/AudioWidgets/Content/Resources/ScrubHandleDown_Clamped.uexp" 451
"../../../Engine/Plugins/Animation/ControlRig/Content/Controls/ControlRig_Circle_3mm.ubulk" 452
"../../../Engine/Plugins/Animation/ControlRig/Content/Controls/ControlRig_Circle_3mm.uasset" 453
"../../../Engine/Plugins/Animation/ControlRig/Content/Controls/ControlRig_Circle_3mm.uexp" 454
"../../../Engine/Plugins/Interchange/Assets/Content/Functions/MF_IridescenceNoLUT.uasset" 455
"../../../Engine/Plugins/Interchange/Assets/Content/Functions/MF_IridescenceNoLUT.uexp" 456
"../../../Engine/Plugins/Interchange/Assets/Content/Functions/MX_StandardSurface.uasset" 457
"../../../Engine/Plugins/Interchange/Assets/Content/Functions/MX_StandardSurface.uexp" 458
"../../../Engine/Plugins/Interchange/Assets/Content/Functions/MX_OpenPBR_Opaque.uasset" 459
"../../../Engine/Plugins/Interchange/Assets/Content/Functions/MX_OpenPBR_Opaque.uexp" 460
"../../../Engine/Plugins/Interchange/Assets/Content/Functions/MX_TransmissionSurface.uasset" 461
"../../../Engine/Plugins/Interchange/Assets/Content/Functions/MX_TransmissionSurface.uexp" 462
"../../../Engine/Plugins/Interchange/Assets/Content/Functions/MX_OpenPBR_Translucent.uasset" 463
"../../../Engine/Plugins/Interchange/Assets/Content/Functions/MX_OpenPBR_Translucent.uexp" 464
"../../../Engine/Plugins/Animation/ControlRig/Content/Controls/ControlRig_Circle_solid.ubulk" 465
"../../../Engine/Plugins/Animation/ControlRig/Content/Controls/ControlRig_Circle_solid.uasset" 466
"../../../Engine/Plugins/Animation/ControlRig/Content/Controls/ControlRig_Circle_solid.uexp" 467
"../../../Engine/Plugins/Interchange/Assets/Content/Functions/MX_OrenNayarBSDF.uasset" 468
"../../../Engine/Plugins/Interchange/Assets/Content/Functions/MX_OrenNayarBSDF.uexp" 469
"../../../Engine/Plugins/Animation/ControlRig/Content/Controls/ControlRig_Diamond_1mm.ubulk" 470
"../../../Engine/Plugins/Animation/ControlRig/Content/Controls/ControlRig_Diamond_1mm.uasset" 471
"../../../Engine/Plugins/Animation/ControlRig/Content/Controls/ControlRig_Diamond_1mm.uexp" 472
"../../../Engine/Plugins/Animation/ControlRig/Content/Controls/ControlRig_Diamond_3mm.ubulk" 473
"../../../Engine/Plugins/Animation/ControlRig/Content/Controls/ControlRig_Diamond_3mm.uasset" 474
"../../../Engine/Plugins/Animation/ControlRig/Content/Controls/ControlRig_Diamond_3mm.uexp" 475
"../../../Engine/Plugins/Animation/ControlRig/Content/Controls/ControlRig_Diamond_solid.ubulk" 476
"../../../Engine/Plugins/Animation/ControlRig/Content/Controls/ControlRig_Diamond_solid.uasset" 477
"../../../Engine/Plugins/Animation/ControlRig/Content/Controls/ControlRig_Diamond_solid.uexp" 478
"../../../Engine/Plugins/Animation/ControlRig/Content/Controls/ControlRig_HalfCircle_1mm.ubulk" 479
"../../../Engine/Plugins/Animation/ControlRig/Content/Controls/ControlRig_HalfCircle_1mm.uasset" 480
"../../../Engine/Plugins/Animation/ControlRig/Content/Controls/ControlRig_HalfCircle_1mm.uexp" 481
"../../../Engine/Plugins/Animation/ControlRig/Content/Controls/ControlRig_HalfCircle_3mm.ubulk" 482
"../../../Engine/Plugins/Animation/ControlRig/Content/Controls/ControlRig_HalfCircle_3mm.uasset" 483
"../../../Engine/Plugins/Animation/ControlRig/Content/Controls/ControlRig_HalfCircle_3mm.uexp" 484
"../../../Engine/Plugins/Animation/ControlRig/Content/Controls/ControlRig_HalfCircle_solid.ubulk" 485
"../../../Engine/Plugins/Animation/ControlRig/Content/Controls/ControlRig_HalfCircle_solid.uasset" 486
"../../../Engine/Plugins/Animation/ControlRig/Content/Controls/ControlRig_HalfCircle_solid.uexp" 487
"../../../Engine/Plugins/Interchange/Assets/Content/Functions/MX_SheenBSDF.uasset" 488
"../../../Engine/Plugins/Interchange/Assets/Content/Functions/MX_SheenBSDF.uexp" 489
"../../../Engine/Plugins/Animation/ControlRig/Content/Controls/ControlRig_Hexagon_1mm.ubulk" 490
"../../../Engine/Plugins/Animation/ControlRig/Content/Controls/ControlRig_Hexagon_1mm.uasset" 491
"../../../Engine/Plugins/Animation/ControlRig/Content/Controls/ControlRig_Hexagon_1mm.uexp" 492
"../../../Engine/Plugins/Animation/ControlRig/Content/Controls/ControlRig_Hexagon_3mm.ubulk" 493
"../../../Engine/Plugins/Animation/ControlRig/Content/Controls/ControlRig_Hexagon_3mm.uasset" 494
"../../../Engine/Plugins/Animation/ControlRig/Content/Controls/ControlRig_Hexagon_3mm.uexp" 495
"../../../Engine/Plugins/Animation/ControlRig/Content/Controls/ControlRig_Hexagon_solid.ubulk" 496
"../../../Engine/Plugins/Animation/ControlRig/Content/Controls/ControlRig_Hexagon_solid.uasset" 497
"../../../Engine/Plugins/Animation/ControlRig/Content/Controls/ControlRig_Hexagon_solid.uexp" 498
"../../../Engine/Plugins/Interchange/Assets/Content/Functions/MX_SubsurfaceBSDF.uasset" 499
"../../../Engine/Plugins/Interchange/Assets/Content/Functions/MX_SubsurfaceBSDF.uexp" 500
"../../../Engine/Plugins/Interchange/Assets/Content/Functions/MX_Surface.uasset" 501
"../../../Engine/Plugins/Interchange/Assets/Content/Functions/MX_Surface.uexp" 502
"../../../Engine/Plugins/Interchange/Assets/Content/Functions/MX_SurfaceUnlit.uasset" 503
"../../../Engine/Plugins/Interchange/Assets/Content/Functions/MX_SurfaceUnlit.uexp" 504
"../../../Engine/Plugins/Animation/ControlRig/Content/Controls/ControlRig_Octagon_1mm.ubulk" 505
"../../../Engine/Plugins/Animation/ControlRig/Content/Controls/ControlRig_Octagon_1mm.uasset" 506
"../../../Engine/Plugins/Animation/ControlRig/Content/Controls/ControlRig_Octagon_1mm.uexp" 507
"../../../Engine/Plugins/Interchange/Assets/Content/Functions/MX_TranslucentBSDF.uasset" 508
"../../../Engine/Plugins/Interchange/Assets/Content/Functions/MX_TranslucentBSDF.uexp" 509
"../../../Engine/Plugins/Animation/ControlRig/Content/Controls/ControlRig_Octagon_3mm.ubulk" 510
"../../../Engine/Plugins/Animation/ControlRig/Content/Controls/ControlRig_Octagon_3mm.uasset" 511
"../../../Engine/Plugins/Animation/ControlRig/Content/Controls/ControlRig_Octagon_3mm.uexp" 512
"../../../Engine/Plugins/Animation/ControlRig/Content/Controls/ControlRig_Octagon_solid.ubulk" 513
"../../../Engine/Plugins/Animation/ControlRig/Content/Controls/ControlRig_Octagon_solid.uasset" 514
"../../../Engine/Plugins/Animation/ControlRig/Content/Controls/ControlRig_Octagon_solid.uexp" 515
"../../../Engine/Plugins/Interchange/Assets/Content/Functions/MX_UniformEDF.uasset" 516
"../../../Engine/Plugins/Interchange/Assets/Content/Functions/MX_UniformEDF.uexp" 517
"../../../Engine/Plugins/Animation/ControlRig/Content/Controls/ControlRig_Pyramid_1mm.ubulk" 518
"../../../Engine/Plugins/Animation/ControlRig/Content/Controls/ControlRig_Pyramid_1mm.uasset" 519
"../../../Engine/Plugins/Animation/ControlRig/Content/Controls/ControlRig_Pyramid_1mm.uexp" 520
"../../../Engine/Plugins/Interchange/Assets/Content/Functions/MX_UsdPreviewSurface.uasset" 521
"../../../Engine/Plugins/Interchange/Assets/Content/Functions/MX_UsdPreviewSurface.uexp" 522
"../../../Engine/Plugins/Animation/ControlRig/Content/Controls/ControlRig_Pyramid_3mm.ubulk" 523
"../../../Engine/Plugins/Animation/ControlRig/Content/Controls/ControlRig_Pyramid_3mm.uasset" 524
"../../../Engine/Plugins/Animation/ControlRig/Content/Controls/ControlRig_Pyramid_3mm.uexp" 525
"../../../Engine/Plugins/Animation/ControlRig/Content/Controls/ControlRig_Pyramid_solid.ubulk" 526
"../../../Engine/Plugins/Animation/ControlRig/Content/Controls/ControlRig_Pyramid_solid.uasset" 527
"../../../Engine/Plugins/Animation/ControlRig/Content/Controls/ControlRig_Pyramid_solid.uexp" 528
"../../../Engine/Plugins/Animation/ControlRig/Content/Controls/ControlRig_QuarterCircle_1mm.ubulk" 529
"../../../Engine/Plugins/Animation/ControlRig/Content/Controls/ControlRig_QuarterCircle_1mm.uasset" 530
"../../../Engine/Plugins/Animation/ControlRig/Content/Controls/ControlRig_QuarterCircle_1mm.uexp" 531
"../../../Engine/Plugins/Animation/ControlRig/Content/Controls/ControlRig_QuarterCircle_3mm.ubulk" 532
"../../../Engine/Plugins/Animation/ControlRig/Content/Controls/ControlRig_QuarterCircle_3mm.uasset" 533
"../../../Engine/Plugins/Animation/ControlRig/Content/Controls/ControlRig_QuarterCircle_3mm.uexp" 534
"../../../Engine/Plugins/Animation/ControlRig/Content/Controls/ControlRig_QuarterCircle_solid.ubulk" 535
"../../../Engine/Plugins/Animation/ControlRig/Content/Controls/ControlRig_QuarterCircle_solid.uasset" 536
"../../../Engine/Plugins/Animation/ControlRig/Content/Controls/ControlRig_QuarterCircle_solid.uexp" 537
"../../../Engine/Plugins/Animation/ControlRig/Content/Controls/ControlRig_RoundedSquare_1mm.ubulk" 538
"../../../Engine/Plugins/Animation/ControlRig/Content/Controls/ControlRig_RoundedSquare_1mm.uasset" 539
"../../../Engine/Plugins/Animation/ControlRig/Content/Controls/ControlRig_RoundedSquare_1mm.uexp" 540
"../../../Engine/Plugins/Animation/ControlRig/Content/Controls/ControlRig_RoundedSquare_3mm.ubulk" 541
"../../../Engine/Plugins/Animation/ControlRig/Content/Controls/ControlRig_RoundedSquare_3mm.uasset" 542
"../../../Engine/Plugins/Animation/ControlRig/Content/Controls/ControlRig_RoundedSquare_3mm.uexp" 543
"../../../Engine/Content/EditorMaterials/Dataflow/DataflowTwoSidedVertexMaterial.uasset" 544
"../../../Engine/Content/EditorMaterials/Dataflow/DataflowTwoSidedVertexMaterial.uexp" 545
"../../../Engine/Content/EditorMaterials/Dataflow/DataflowVertexMaterial.uasset" 546
"../../../Engine/Content/EditorMaterials/Dataflow/DataflowVertexMaterial.uexp" 547
"../../../Engine/Plugins/Runtime/HairStrands/Content/Materials/HairCardsDefaultMaterial.uasset" 548
"../../../Engine/Plugins/Runtime/HairStrands/Content/Materials/HairCardsDefaultMaterial.uexp" 549
"../../../Engine/Content/Functions/Engine_MaterialFunctions02/Utility/MakeFloat2.uasset" 550
"../../../Engine/Content/Functions/Engine_MaterialFunctions02/Utility/MakeFloat2.uexp" 551
"../../../Engine/Content/EngineMaterials/HairColorMap.uasset" 552
"../../../Engine/Content/EngineMaterials/HairColorMap.uexp" 553
"../../../Engine/Content/EngineMaterials/HairDebugColor.uasset" 554
"../../../Engine/Content/EngineMaterials/HairDebugColor.uexp" 555
"../../../Engine/Plugins/Runtime/HairStrands/Content/Materials/HairGroupColors.uasset" 556
"../../../Engine/Plugins/Runtime/HairStrands/Content/Materials/HairGroupColors.uexp" 557
"../../../Engine/Plugins/Runtime/HairStrands/Content/Materials/HairDebugMaterial.uasset" 558
"../../../Engine/Plugins/Runtime/HairStrands/Content/Materials/HairDebugMaterial.uexp" 559
"../../../Engine/Plugins/Runtime/HairStrands/Content/Materials/HairDefaultMaterial.uasset" 560
"../../../Engine/Plugins/Runtime/HairStrands/Content/Materials/HairDefaultMaterial.uexp" 561
"../../../Engine/Plugins/Runtime/HairStrands/Content/Materials/HairMeshesDefaultMaterial.uasset" 562
"../../../Engine/Plugins/Runtime/HairStrands/Content/Materials/HairMeshesDefaultMaterial.uexp" 563
"../../../Engine/Content/EngineMaterials/EnergyConservation/Diffuse_Energy.uasset" 564
"../../../Engine/Content/EngineMaterials/EnergyConservation/Diffuse_Energy.uexp" 565
"../../../Engine/Content/EngineMaterials/EnergyConservation/GGX_ReflectionEnergy.uasset" 566
"../../../Engine/Content/EngineMaterials/EnergyConservation/GGX_ReflectionEnergy.uexp" 567
"../../../Engine/Content/EditorMaterials/ParticleSystems/PSysThumbnail_NoImage.ubulk" 568
"../../../Engine/Content/EditorMaterials/ParticleSystems/PSysThumbnail_NoImage.uasset" 569
"../../../Engine/Content/EditorMaterials/ParticleSystems/PSysThumbnail_NoImage.uexp" 570
"../../../Engine/Content/EngineMaterials/EnergyConservation/GGX_TransmissionEnergyArray.uasset" 571
"../../../Engine/Content/EngineMaterials/EnergyConservation/GGX_TransmissionEnergyArray.uexp" 572
"../../../Engine/Content/EditorMaterials/ParticleSystems/PSysThumbnail_OOD.ubulk" 573
"../../../Engine/Content/EditorMaterials/ParticleSystems/PSysThumbnail_OOD.uasset" 574
"../../../Engine/Content/EditorMaterials/ParticleSystems/PSysThumbnail_OOD.uexp" 575
"../../../Engine/Content/EngineMaterials/EnergyConservation/SheenLegacy_Energy.uasset" 576
"../../../Engine/Content/EngineMaterials/EnergyConservation/SheenLegacy_Energy.uexp" 577
"../../../Engine/Content/EngineMaterials/EnergyConservation/Sheen_Energy.uasset" 578
"../../../Engine/Content/EngineMaterials/EnergyConservation/Sheen_Energy.uexp" 579
"../../../Engine/Content/EngineMaterials/LTC/GGX_LTCAmp.uasset" 580
"../../../Engine/Content/EngineMaterials/LTC/GGX_LTCAmp.uexp" 581
"../../../Engine/Content/EngineMaterials/LTC/GGX_LTCMat.uasset" 582
"../../../Engine/Content/EngineMaterials/LTC/GGX_LTCMat.uexp" 583
"../../../Engine/Content/EngineMaterials/LTC/Sheen_LTC.uasset" 584
"../../../Engine/Content/EngineMaterials/LTC/Sheen_LTC.uexp" 585
"../../../Engine/Content/EditorMaterials/Camera/CineMat.uasset" 586
"../../../Engine/Content/EditorMaterials/Camera/CineMat.uexp" 587
"../../../Engine/Content/EditorMaterials/Camera/MI_CineMat_Rig.uasset" 588
"../../../Engine/Content/EditorMaterials/Camera/MI_CineMat_Rig.uexp" 589
"../../../Engine/Content/EditorMeshes/Camera/SM_CraneRig_Arm.ubulk" 590
"../../../Engine/Content/EditorMeshes/Camera/SM_CraneRig_Arm.uasset" 591
"../../../Engine/Content/EditorMeshes/Camera/SM_CraneRig_Arm.uexp" 592
"../../../Engine/Content/EditorMeshes/Camera/SM_CraneRig_Base.ubulk" 593
"../../../Engine/Content/EditorMeshes/Camera/SM_CraneRig_Base.uasset" 594
"../../../Engine/Content/EditorMeshes/Camera/SM_CraneRig_Base.uexp" 595
"../../../Engine/Content/EditorMeshes/Camera/SM_CraneRig_Body.ubulk" 596
"../../../Engine/Content/EditorMeshes/Camera/SM_CraneRig_Body.uasset" 597
"../../../Engine/Content/EditorMeshes/Camera/SM_CraneRig_Body.uexp" 598
"../../../Engine/Content/EngineResources/Development/ZenLogo_64.uasset" 599
"../../../Engine/Content/EngineResources/Development/ZenLogo_64.uexp" 600
"../../../Engine/Content/EditorMeshes/Camera/SM_CraneRig_Mount.ubulk" 601
"../../../Engine/Content/EditorMeshes/Camera/SM_CraneRig_Mount.uasset" 602
"../../../Engine/Content/EditorMeshes/Camera/SM_CraneRig_Mount.uexp" 603
"../../../Engine/Content/EngineResources/FilmGrains/Marcie_Grain_v3_128_M2_000.uasset" 604
"../../../Engine/Content/EngineResources/FilmGrains/Marcie_Grain_v3_128_M2_000.uexp" 605
"../../../Engine/Content/EditorMeshes/Camera/SM_RailRig_Mount.ubulk" 606
"../../../Engine/Content/EditorMeshes/Camera/SM_RailRig_Mount.uasset" 607
"../../../Engine/Content/EditorMeshes/Camera/SM_RailRig_Mount.uexp" 608
"../../../Engine/Content/EditorMeshes/Camera/SM_RailRig_Track.ubulk" 609
"../../../Engine/Content/EditorMeshes/Camera/SM_RailRig_Track.uasset" 610
"../../../Engine/Content/EditorMeshes/Camera/SM_RailRig_Track.uexp" 611
"../../../Engine/Plugins/Animation/DeformerGraph/Content/DeformerFunctions/DG_Function_LinearBlendSkin_Morph_Cloth.uasset" 612
"../../../Engine/Plugins/Animation/DeformerGraph/Content/DeformerFunctions/DG_Function_LinearBlendSkin_Morph_Cloth.uexp" 613
"../../../Engine/Plugins/Animation/DeformerGraph/Content/Deformers/DG_LinearBlendSkin_Morph_Cloth.uasset" 614
"../../../Engine/Plugins/Animation/DeformerGraph/Content/Deformers/DG_LinearBlendSkin_Morph_Cloth.uexp" 615
"../../../Engine/Plugins/Animation/DeformerGraph/Content/DeformerFunctions/DG_Function_ComputeNormalsTangents.uasset" 616
"../../../Engine/Plugins/Animation/DeformerGraph/Content/DeformerFunctions/DG_Function_ComputeNormalsTangents.uexp" 617
"../../../Engine/Plugins/Animation/DeformerGraph/Content/DeformerFunctions/DG_Function_LinearBlendSkin_Morph_Cloth_PositionOnly.uasset" 618
"../../../Engine/Plugins/Animation/DeformerGraph/Content/DeformerFunctions/DG_Function_LinearBlendSkin_Morph_Cloth_PositionOnly.uexp" 619
"../../../Engine/Plugins/Animation/DeformerGraph/Content/Deformers/DG_LinearBlendSkin_Morph_Cloth_RecomputeNormals.uasset" 620
"../../../Engine/Plugins/Animation/DeformerGraph/Content/Deformers/DG_LinearBlendSkin_Morph_Cloth_RecomputeNormals.uexp" 621
"../../../Engine/Content/Functions/Engine_MaterialFunctions02/WorldPositionOffset/ObjectScale.uasset" 622
"../../../Engine/Content/Functions/Engine_MaterialFunctions02/WorldPositionOffset/ObjectScale.uexp" 623
"../../../Engine/Plugins/Editor/SpeedTreeImporter/Content/SpeedTree9/Empty.uasset" 624
"../../../Engine/Plugins/Editor/SpeedTreeImporter/Content/SpeedTree9/Empty.uexp" 625
"../../../Engine/Plugins/Editor/SpeedTreeImporter/Content/SpeedTree9/EmptyNormal.uasset" 626
"../../../Engine/Plugins/Editor/SpeedTreeImporter/Content/SpeedTree9/EmptyNormal.uexp" 627
"../../../Engine/Plugins/Editor/SpeedTreeImporter/Content/SpeedTree9/game_wind_noise.ubulk" 628
"../../../Engine/Plugins/Editor/SpeedTreeImporter/Content/SpeedTree9/game_wind_noise.uasset" 629
"../../../Engine/Plugins/Editor/SpeedTreeImporter/Content/SpeedTree9/game_wind_noise.uexp" 630
"../../../Engine/Plugins/Editor/SpeedTreeImporter/Content/SpeedTree9/SpeedTreeBillboard.uasset" 631
"../../../Engine/Plugins/Editor/SpeedTreeImporter/Content/SpeedTree9/SpeedTreeBillboard.uexp" 632
"../../../Engine/Content/Functions/Engine_MaterialFunctions02/SafeNormalize.uasset" 633
"../../../Engine/Content/Functions/Engine_MaterialFunctions02/SafeNormalize.uexp" 634
"../../../Engine/Plugins/Editor/SpeedTreeImporter/Content/SpeedTree9/SpeedTreeWindMotion.uasset" 635
"../../../Engine/Plugins/Editor/SpeedTreeImporter/Content/SpeedTree9/SpeedTreeWindMotion.uexp" 636
"../../../Engine/Plugins/Editor/SpeedTreeImporter/Content/SpeedTree9/UnpackDirection.uasset" 637
"../../../Engine/Plugins/Editor/SpeedTreeImporter/Content/SpeedTree9/UnpackDirection.uexp" 638
"../../../Engine/Plugins/Editor/SpeedTreeImporter/Content/SpeedTree9/UnpackInteger3.uasset" 639
"../../../Engine/Plugins/Editor/SpeedTreeImporter/Content/SpeedTree9/UnpackInteger3.uexp" 640
"../../../Engine/Plugins/Editor/SpeedTreeImporter/Content/SpeedTree9/SpeedTreeBranchMotion.uasset" 641
"../../../Engine/Plugins/Editor/SpeedTreeImporter/Content/SpeedTree9/SpeedTreeBranchMotion.uexp" 642
"../../../Engine/Content/Functions/Engine_MaterialFunctions02/ObjectLocalBounds.uasset" 643
"../../../Engine/Content/Functions/Engine_MaterialFunctions02/ObjectLocalBounds.uexp" 644
"../../../Engine/Content/Functions/Engine_MaterialFunctions02/UVs/BoundingBoxBased_0-1_UVW.uasset" 645
"../../../Engine/Content/Functions/Engine_MaterialFunctions02/UVs/BoundingBoxBased_0-1_UVW.uexp" 646
"../../../Engine/Plugins/Editor/SpeedTreeImporter/Content/SpeedTree9/SpeedTreeWind.uasset" 647
"../../../Engine/Plugins/Editor/SpeedTreeImporter/Content/SpeedTree9/SpeedTreeWind.uexp" 648
"../../../Engine/Plugins/Editor/SpeedTreeImporter/Content/SpeedTree9/SpeedTreeBillboardMaster.uasset" 649
"../../../Engine/Plugins/Editor/SpeedTreeImporter/Content/SpeedTree9/SpeedTreeBillboardMaster.uexp" 650
"../../../Engine/Plugins/Animation/ControlRig/Content/M_Manip.uasset" 651
"../../../Engine/Plugins/Animation/ControlRig/Content/M_Manip.uexp" 652
"../../../Engine/Plugins/Editor/SpeedTreeImporter/Content/SpeedTree9/SpeedTreeCameraFacing.uasset" 653
"../../../Engine/Plugins/Editor/SpeedTreeImporter/Content/SpeedTree9/SpeedTreeCameraFacing.uexp" 654
"../../../Engine/Plugins/Editor/SpeedTreeImporter/Content/SpeedTree9/SpeedTreeMaster.uasset" 655
"../../../Engine/Plugins/Editor/SpeedTreeImporter/Content/SpeedTree9/SpeedTreeMaster.uexp" 656
"../../../Engine/Plugins/Media/MediaPlate/Content/SM_MediaPlateScreen.ubulk" 657
"../../../Engine/Plugins/Media/MediaPlate/Content/SM_MediaPlateScreen.uasset" 658
"../../../Engine/Plugins/Media/MediaPlate/Content/SM_MediaPlateScreen.uexp" 659
"../../../Engine/Plugins/NNE/NNEDenoiser/Content/NNEDIM_ColorAlbedoNormal_Alpha.uasset" 660
"../../../Engine/Plugins/NNE/NNEDenoiser/Content/NNEDIM_ColorAlbedoNormal_Alpha.uexp" 661
"../../../Engine/Plugins/NNE/NNEDenoiser/Content/NNEDIM_ColorAlbedoNormal_Default.uasset" 662
"../../../Engine/Plugins/NNE/NNEDenoiser/Content/NNEDIM_ColorAlbedoNormal_Default.uexp" 663
"../../../Engine/Plugins/NNE/NNEDenoiser/Content/NNEDIM_HighQuality_Alpha.uasset" 664
"../../../Engine/Plugins/NNE/NNEDenoiser/Content/NNEDIM_HighQuality_Alpha.uexp" 665
"../../../Engine/Plugins/NNE/NNEDenoiser/Content/NNEDIM_HighQuality_Default.uasset" 666
"../../../Engine/Plugins/NNE/NNEDenoiser/Content/NNEDIM_HighQuality_Default.uexp" 667
"../../../Engine/Plugins/NNE/NNEDenoiser/Content/NNEDOM_Output_Alpha.uasset" 668
"../../../Engine/Plugins/NNE/NNEDenoiser/Content/NNEDOM_Output_Alpha.uexp" 669
"../../../Engine/Plugins/NNE/NNEDenoiser/Content/NNEDOM_Output_Default.uasset" 670
"../../../Engine/Plugins/NNE/NNEDenoiser/Content/NNEDOM_Output_Default.uexp" 671
"../../../Engine/Plugins/NNE/NNEDenoiser/Content/NNEDTIM_ColorAlbedoNormal_Alpha.uasset" 672
"../../../Engine/Plugins/NNE/NNEDenoiser/Content/NNEDTIM_ColorAlbedoNormal_Alpha.uexp" 673
"../../../Engine/Plugins/NNE/NNEDenoiser/Content/NNEDTIM_ColorAlbedoNormal_Default.uasset" 674
"../../../Engine/Plugins/NNE/NNEDenoiser/Content/NNEDTIM_ColorAlbedoNormal_Default.uexp" 675
"../../../Engine/Plugins/NNE/NNEDenoiser/Content/NNEDTOM_Output_Alpha.uasset" 676
"../../../Engine/Plugins/NNE/NNEDenoiser/Content/NNEDTOM_Output_Alpha.uexp" 677
"../../../Engine/Plugins/NNE/NNEDenoiser/Content/NNEDTOM_Output_Default.uasset" 678
"../../../Engine/Plugins/NNE/NNEDenoiser/Content/NNEDTOM_Output_Default.uexp" 679
"../../../Engine/Plugins/NNE/NNEDenoiser/Content/NNEDT_Oidn2-3_Balanced.uasset" 680
"../../../Engine/Plugins/NNE/NNEDenoiser/Content/NNEDT_Oidn2-3_Balanced.uexp" 681
"../../../Engine/Plugins/NNE/NNEDenoiser/Content/NNEDT_Oidn2-3_Balanced_Alpha.uasset" 682
"../../../Engine/Plugins/NNE/NNEDenoiser/Content/NNEDT_Oidn2-3_Balanced_Alpha.uexp" 683
"../../../Engine/Plugins/NNE/NNEDenoiser/Content/NNED_Oidn2-3_Balanced.uasset" 684
"../../../Engine/Plugins/NNE/NNEDenoiser/Content/NNED_Oidn2-3_Balanced.uexp" 685
"../../../Engine/Plugins/NNE/NNEDenoiser/Content/NNED_Oidn2-3_Balanced_Alpha.uasset" 686
"../../../Engine/Plugins/NNE/NNEDenoiser/Content/NNED_Oidn2-3_Balanced_Alpha.uexp" 687
"../../../Engine/Plugins/NNE/NNEDenoiser/Content/NNED_Oidn2-3_Fast.uasset" 688
"../../../Engine/Plugins/NNE/NNEDenoiser/Content/NNED_Oidn2-3_Fast.uexp" 689
"../../../Engine/Plugins/NNE/NNEDenoiser/Content/NNED_Oidn2-3_Fast_Alpha.uasset" 690
"../../../Engine/Plugins/NNE/NNEDenoiser/Content/NNED_Oidn2-3_Fast_Alpha.uexp" 691
"../../../Engine/Plugins/NNE/NNEDenoiser/Content/NNED_Oidn2-3_HighQuality.uasset" 692
"../../../Engine/Plugins/NNE/NNEDenoiser/Content/NNED_Oidn2-3_HighQuality.uexp" 693
"../../../Engine/Plugins/NNE/NNEDenoiser/Content/NNED_Oidn2-3_HighQuality_Alpha.uasset" 694
"../../../Engine/Plugins/NNE/NNEDenoiser/Content/NNED_Oidn2-3_HighQuality_Alpha.uexp" 695
"../../../Engine/Plugins/NNE/NNEDenoiser/Content/NNE_oidn2-3-0_rt_hdr_alb_nrm_small__dyn__fp16_opset11_DenoiseAlpha.uasset" 696
"../../../Engine/Plugins/NNE/NNEDenoiser/Content/NNE_oidn2-3-0_rt_hdr_alb_nrm_small__dyn__fp16_opset11_DenoiseAlpha.uexp" 697
"../../../Engine/Plugins/NNE/NNEDenoiser/Content/NNE_oidn2-3-0_rt_hdr_alb_nrm_small__dyn__fp16_opset11_ForwardAlpha.uasset" 698
"../../../Engine/Plugins/NNE/NNEDenoiser/Content/NNE_oidn2-3-0_rt_hdr_alb_nrm_small__dyn__fp16_opset11_ForwardAlpha.uexp" 699
"../../../Engine/Plugins/NNE/NNEDenoiser/Content/NNE_oidn2-3-0_rt_hdr_alb_nrm__dyn__fp16_opset11_DenoiseAlpha.uasset" 700
"../../../Engine/Plugins/NNE/NNEDenoiser/Content/NNE_oidn2-3-0_rt_hdr_alb_nrm__dyn__fp16_opset11_DenoiseAlpha.uexp" 701
"../../../Engine/Plugins/NNE/NNEDenoiser/Content/NNE_oidn2-3-0_rt_hdr_alb_nrm__dyn__fp16_opset11_ForwardAlpha.uasset" 702
"../../../Engine/Plugins/NNE/NNEDenoiser/Content/NNE_oidn2-3-0_rt_hdr_alb_nrm__dyn__fp16_opset11_ForwardAlpha.uexp" 703
"../../../Engine/Plugins/NNE/NNEDenoiser/Content/NNE_oidn2-3-0_rt_hdr_calb_cnrm_large__dyn__fp16_opset11_DenoiseAlpha.uasset" 704
"../../../Engine/Plugins/NNE/NNEDenoiser/Content/NNE_oidn2-3-0_rt_hdr_calb_cnrm_large__dyn__fp16_opset11_DenoiseAlpha.uexp" 705
"../../../Engine/Plugins/NNE/NNEDenoiser/Content/NNE_oidn2-3-0_rt_hdr_calb_cnrm_large__dyn__fp16_opset11_ForwardAlpha.uasset" 706
"../../../Engine/Plugins/NNE/NNEDenoiser/Content/NNE_oidn2-3-0_rt_hdr_calb_cnrm_large__dyn__fp16_opset11_ForwardAlpha.uexp" 707
"../../../Engine/Content/EditorLandscapeResources/DefaultAlphaTexture.uasset" 708
"../../../Engine/Content/EditorLandscapeResources/DefaultAlphaTexture.uexp" 709
"../../../Engine/Content/EditorLandscapeResources/ColorMaskBrushMaterial.uasset" 710
"../../../Engine/Content/EditorLandscapeResources/ColorMaskBrushMaterial.uexp" 711
"../../../Engine/Content/EditorLandscapeResources/ColorMaskBrushMaterial_MaskedRegion.uasset" 712
"../../../Engine/Content/EditorLandscapeResources/ColorMaskBrushMaterial_MaskedRegion.uexp" 713
"../../../Engine/Content/EditorLandscapeResources/LandscapeDirtyMaterial.uasset" 714
"../../../Engine/Content/EditorLandscapeResources/LandscapeDirtyMaterial.uexp" 715
"../../../Engine/Content/Functions/Engine_MaterialFunctions01/Texturing/TextureCropping.uasset" 716
"../../../Engine/Content/Functions/Engine_MaterialFunctions01/Texturing/TextureCropping.uexp" 717
"../../../Engine/Content/Functions/Engine_MaterialFunctions02/ExampleContent/DebugNumberStrip.uasset" 718
"../../../Engine/Content/Functions/Engine_MaterialFunctions02/ExampleContent/DebugNumberStrip.uexp" 719
"../../../Engine/Content/Functions/Engine_MaterialFunctions01/Debug/DebugIntValues.uasset" 720
"../../../Engine/Content/Functions/Engine_MaterialFunctions01/Debug/DebugIntValues.uexp" 721
"../../../Engine/Content/Functions/Engine_MaterialFunctions01/Texturing/ScaleUVsByCenter.uasset" 722
"../../../Engine/Content/Functions/Engine_MaterialFunctions01/Texturing/ScaleUVsByCenter.uexp" 723
"../../../Engine/Content/Functions/Engine_MaterialFunctions02/WorldPositionOffset/LocalPosition.uasset" 724
"../../../Engine/Content/Functions/Engine_MaterialFunctions02/WorldPositionOffset/LocalPosition.uexp" 725
"../../../Engine/Content/EditorLandscapeResources/LandscapeLayerUsageMaterial.uasset" 726
"../../../Engine/Content/EditorLandscapeResources/LandscapeLayerUsageMaterial.uexp" 727
"../../../Engine/Content/EditorLandscapeResources/WhiteSquareTexture.uasset" 728
"../../../Engine/Content/EditorLandscapeResources/WhiteSquareTexture.uexp" 729
"../../../Engine/Content/EditorLandscapeResources/LayerVisMaterial.uasset" 730
"../../../Engine/Content/EditorLandscapeResources/LayerVisMaterial.uexp" 731
"../../../Engine/Content/Functions/Engine_MaterialFunctions03/Math/WithinRangeFloat2.uasset" 732
"../../../Engine/Content/Functions/Engine_MaterialFunctions03/Math/WithinRangeFloat2.uexp" 733
"../../../Engine/Content/EditorLandscapeResources/MaskBrushMaterial.uasset" 734
"../../../Engine/Content/EditorLandscapeResources/MaskBrushMaterial.uexp" 735
"../../../Engine/Content/EditorLandscapeResources/MaskBrushMaterial_MaskedRegion.uasset" 736
"../../../Engine/Content/EditorLandscapeResources/MaskBrushMaterial_MaskedRegion.uexp" 737
"../../../Engine/Content/EditorLandscapeResources/SelectBrushMaterial.uasset" 738
"../../../Engine/Content/EditorLandscapeResources/SelectBrushMaterial.uexp" 739
"../../../Engine/Content/EditorLandscapeResources/SelectBrushMaterial_Selected.uasset" 740
"../../../Engine/Content/EditorLandscapeResources/SelectBrushMaterial_Selected.uexp" 741
"../../../Engine/Content/EditorLandscapeResources/SelectBrushMaterial_SelectedRegion.uasset" 742
"../../../Engine/Content/EditorLandscapeResources/SelectBrushMaterial_SelectedRegion.uexp" 743
"../../../Engine/Content/EditorLandscapeResources/SplineEditorMeshMat.uasset" 744
"../../../Engine/Content/EditorLandscapeResources/SplineEditorMeshMat.uexp" 745
"../../../Engine/Content/EditorLandscapeResources/SplineEditorMesh.ubulk" 746
"../../../Engine/Content/EditorLandscapeResources/SplineEditorMesh.uasset" 747
"../../../Engine/Content/EditorLandscapeResources/SplineEditorMesh.uexp" 748
"../../../Engine/Content/VREditor/TransformGizmo/BoundingBoxCorner.ubulk" 749
"../../../Engine/Content/VREditor/TransformGizmo/BoundingBoxCorner.uasset" 750
"../../../Engine/Content/VREditor/TransformGizmo/BoundingBoxCorner.uexp" 751
"../../../Engine/Content/VREditor/TransformGizmo/BoundingBoxEdge.ubulk" 752
"../../../Engine/Content/VREditor/TransformGizmo/BoundingBoxEdge.uasset" 753
"../../../Engine/Content/VREditor/TransformGizmo/BoundingBoxEdge.uexp" 754
"../../../Engine/Content/Functions/Engine_MaterialFunctions01/Texturing/FlattenNormal.uasset" 755
"../../../Engine/Content/Functions/Engine_MaterialFunctions01/Texturing/FlattenNormal.uexp" 756
"../../../Engine/Plugins/Interchange/Assets/Content/Utilities/New_LUT.uasset" 757
"../../../Engine/Plugins/Interchange/Assets/Content/Utilities/New_LUT.uexp" 758
"../../../Engine/Content/Functions/Engine_MaterialFunctions03/Math/RemapValueRange.uasset" 759
"../../../Engine/Content/Functions/Engine_MaterialFunctions03/Math/RemapValueRange.uexp" 760
"../../../Engine/Plugins/Interchange/Assets/Content/Functions/MF_Iridescence.uasset" 761
"../../../Engine/Plugins/Interchange/Assets/Content/Functions/MF_Iridescence.uexp" 762
"../../../Engine/Plugins/Interchange/Assets/Content/gltf/Textures/T_White_srgb.uasset" 763
"../../../Engine/Plugins/Interchange/Assets/Content/gltf/Textures/T_White_srgb.uexp" 764
"../../../Engine/Plugins/Interchange/Assets/Content/gltf/MaterialFunctions/MF_BaseColor.uasset" 765
"../../../Engine/Plugins/Interchange/Assets/Content/gltf/MaterialFunctions/MF_BaseColor.uexp" 766
"../../../Engine/Plugins/Interchange/Assets/Content/gltf/MaterialFunctions/MF_RotateNormals_TS.uasset" 767
"../../../Engine/Plugins/Interchange/Assets/Content/gltf/MaterialFunctions/MF_RotateNormals_TS.uexp" 768
"../../../Engine/Plugins/Interchange/Assets/Content/gltf/Textures/T_Generic_N.uasset" 769
"../../../Engine/Plugins/Interchange/Assets/Content/gltf/Textures/T_Generic_N.uexp" 770
"../../../Engine/Plugins/Interchange/Assets/Content/gltf/Textures/T_White_Linear.uasset" 771
"../../../Engine/Plugins/Interchange/Assets/Content/gltf/Textures/T_White_Linear.uexp" 772
"../../../Engine/Plugins/Interchange/Assets/Content/gltf/MaterialFunctions/MF_Clearcoat.uasset" 773
"../../../Engine/Plugins/Interchange/Assets/Content/gltf/MaterialFunctions/MF_Clearcoat.uexp" 774
"../../../Engine/Plugins/Interchange/Assets/Content/gltf/MaterialFunctions/MF_Emissive.uasset" 775
"../../../Engine/Plugins/Interchange/Assets/Content/gltf/MaterialFunctions/MF_Emissive.uexp" 776
"../../../Engine/Plugins/Interchange/Assets/Content/gltf/MaterialFunctions/MF_IOR.uasset" 777
"../../../Engine/Plugins/Interchange/Assets/Content/gltf/MaterialFunctions/MF_IOR.uexp" 778
"../../../Engine/Plugins/Interchange/Assets/Content/gltf/MaterialFunctions/MF_Iridescence.uasset" 779
"../../../Engine/Plugins/Interchange/Assets/Content/gltf/MaterialFunctions/MF_Iridescence.uexp" 780
"../../../Engine/Plugins/Interchange/Assets/Content/gltf/MaterialFunctions/MF_MetallicRoughness.uasset" 781
"../../../Engine/Plugins/Interchange/Assets/Content/gltf/MaterialFunctions/MF_MetallicRoughness.uexp" 782
"../../../Engine/Plugins/Interchange/Assets/Content/gltf/MaterialFunctions/MF_ScaleNormal.uasset" 783
"../../../Engine/Plugins/Interchange/Assets/Content/gltf/MaterialFunctions/MF_ScaleNormal.uexp" 784
"../../../Engine/Plugins/Interchange/Assets/Content/gltf/MaterialFunctions/MF_Normals.uasset" 785
"../../../Engine/Plugins/Interchange/Assets/Content/gltf/MaterialFunctions/MF_Normals.uexp" 786
"../../../Engine/Plugins/Interchange/Assets/Content/gltf/MaterialFunctions/MF_Occlusion.uasset" 787
"../../../Engine/Plugins/Interchange/Assets/Content/gltf/MaterialFunctions/MF_Occlusion.uexp" 788
"../../../Engine/Plugins/Interchange/Assets/Content/gltf/MaterialFunctions/MF_Specular.uasset" 789
"../../../Engine/Plugins/Interchange/Assets/Content/gltf/MaterialFunctions/MF_Specular.uexp" 790
"../../../Engine/Plugins/Interchange/Assets/Content/gltf/Textures/T_Anisotropy_Direction_Linear.uasset" 791
"../../../Engine/Plugins/Interchange/Assets/Content/gltf/Textures/T_Anisotropy_Direction_Linear.uexp" 792
"../../../Engine/Plugins/Interchange/Assets/Content/gltf/MaterialFunctions/MF_SpecularAnisotropy.uasset" 793
"../../../Engine/Plugins/Interchange/Assets/Content/gltf/MaterialFunctions/MF_SpecularAnisotropy.uexp" 794
"../../../Engine/Plugins/Interchange/Assets/Content/gltf/MaterialFunctions/MF_RotateV2.uasset" 795
"../../../Engine/Plugins/Interchange/Assets/Content/gltf/MaterialFunctions/MF_RotateV2.uexp" 796
"../../../Engine/Plugins/Interchange/Assets/Content/gltf/MaterialFunctions/MF_TransformUVs.uasset" 797
"../../../Engine/Plugins/Interchange/Assets/Content/gltf/MaterialFunctions/MF_TransformUVs.uexp" 798
"../../../Engine/Plugins/Interchange/Assets/Content/gltf/MaterialBodies/MF_ClearCoat_Body.uasset" 799
"../../../Engine/Plugins/Interchange/Assets/Content/gltf/MaterialBodies/MF_ClearCoat_Body.uexp" 800
"../../../Engine/Plugins/Interchange/Assets/Content/gltf/M_ClearCoat.uasset" 801
"../../../Engine/Plugins/Interchange/Assets/Content/gltf/M_ClearCoat.uexp" 802
"../../../Engine/Plugins/Interchange/Assets/Content/gltf/MaterialInstances/MI_ClearCoat_Opaque_DS.uasset" 803
"../../../Engine/Plugins/Interchange/Assets/Content/gltf/MaterialInstances/MI_ClearCoat_Opaque_DS.uexp" 804
"../../../Engine/Plugins/Interchange/Assets/Content/gltf/MaterialBodies/MF_Default_Body.uasset" 805
"../../../Engine/Plugins/Interchange/Assets/Content/gltf/MaterialBodies/MF_Default_Body.uexp" 806
"../../../Engine/Plugins/Interchange/Assets/Content/gltf/M_Default.uasset" 807
"../../../Engine/Plugins/Interchange/Assets/Content/gltf/M_Default.uexp" 808
"../../../Engine/Plugins/Interchange/Assets/Content/gltf/MaterialInstances/MI_Default_Blend.uasset" 809
"../../../Engine/Plugins/Interchange/Assets/Content/gltf/MaterialInstances/MI_Default_Blend.uexp" 810
"../../../Engine/Plugins/Interchange/Assets/Content/gltf/MaterialInstances/MI_Default_Blend_DS.uasset" 811
"../../../Engine/Plugins/Interchange/Assets/Content/gltf/MaterialInstances/MI_Default_Blend_DS.uexp" 812
"../../../Engine/Plugins/Interchange/Assets/Content/gltf/MaterialInstances/MI_Default_Mask.uasset" 813
"../../../Engine/Plugins/Interchange/Assets/Content/gltf/MaterialInstances/MI_Default_Mask.uexp" 814
"../../../Engine/Plugins/Interchange/Assets/Content/gltf/MaterialInstances/MI_Default_Mask_DS.uasset" 815
"../../../Engine/Plugins/Interchange/Assets/Content/gltf/MaterialInstances/MI_Default_Mask_DS.uexp" 816
"../../../Engine/Plugins/Interchange/Assets/Content/gltf/MaterialInstances/MI_Default_Opaque.uasset" 817
"../../../Engine/Plugins/Interchange/Assets/Content/gltf/MaterialInstances/MI_Default_Opaque.uexp" 818
"../../../Engine/Plugins/Interchange/Assets/Content/gltf/MaterialInstances/MI_Default_Opaque_DS.uasset" 819
"../../../Engine/Plugins/Interchange/Assets/Content/gltf/MaterialInstances/MI_Default_Opaque_DS.uexp" 820
"../../../Engine/Plugins/Interchange/Assets/Content/gltf/MaterialFunctions/MF_Sheen.uasset" 821
"../../../Engine/Plugins/Interchange/Assets/Content/gltf/MaterialFunctions/MF_Sheen.uexp" 822
"../../../Engine/Plugins/Interchange/Assets/Content/gltf/MaterialBodies/MF_Sheen_Body.uasset" 823
"../../../Engine/Plugins/Interchange/Assets/Content/gltf/MaterialBodies/MF_Sheen_Body.uexp" 824
"../../../Engine/Plugins/Interchange/Assets/Content/gltf/M_Sheen.uasset" 825
"../../../Engine/Plugins/Interchange/Assets/Content/gltf/M_Sheen.uexp" 826
"../../../Engine/Plugins/Interchange/Assets/Content/gltf/MaterialInstances/MI_Sheen_Blend.uasset" 827
"../../../Engine/Plugins/Interchange/Assets/Content/gltf/MaterialInstances/MI_Sheen_Blend.uexp" 828
"../../../Engine/Plugins/Interchange/Assets/Content/gltf/MaterialInstances/MI_Sheen_Blend_DS.uasset" 829
"../../../Engine/Plugins/Interchange/Assets/Content/gltf/MaterialInstances/MI_Sheen_Blend_DS.uexp" 830
"../../../Engine/Plugins/Interchange/Assets/Content/gltf/MaterialInstances/MI_Sheen_Mask.uasset" 831
"../../../Engine/Plugins/Interchange/Assets/Content/gltf/MaterialInstances/MI_Sheen_Mask.uexp" 832
"../../../Engine/Plugins/Interchange/Assets/Content/gltf/MaterialInstances/MI_Sheen_Mask_DS.uasset" 833
"../../../Engine/Plugins/Interchange/Assets/Content/gltf/MaterialInstances/MI_Sheen_Mask_DS.uexp" 834
"../../../Engine/Plugins/Interchange/Assets/Content/gltf/MaterialInstances/MI_Sheen_Opaque.uasset" 835
"../../../Engine/Plugins/Interchange/Assets/Content/gltf/MaterialInstances/MI_Sheen_Opaque.uexp" 836
"../../../Engine/Plugins/Interchange/Assets/Content/gltf/MaterialInstances/MI_Sheen_Opaque_DS.uasset" 837
"../../../Engine/Plugins/Interchange/Assets/Content/gltf/MaterialInstances/MI_Sheen_Opaque_DS.uexp" 838
"../../../Engine/Plugins/Interchange/Assets/Content/gltf/MaterialFunctions/MF_DiffuseSpecGloss.uasset" 839
"../../../Engine/Plugins/Interchange/Assets/Content/gltf/MaterialFunctions/MF_DiffuseSpecGloss.uexp" 840
"../../../Engine/Plugins/Interchange/Assets/Content/gltf/MaterialFunctions/MF_MaxComponentValue.uasset" 841
"../../../Engine/Plugins/Interchange/Assets/Content/gltf/MaterialFunctions/MF_MaxComponentValue.uexp" 842
"../../../Engine/Content/Functions/Engine_MaterialFunctions02/Math/AddComponents.uasset" 843
"../../../Engine/Content/Functions/Engine_MaterialFunctions02/Math/AddComponents.uexp" 844
"../../../Engine/Plugins/Interchange/Assets/Content/gltf/MaterialFunctions/MF_PerceivedBrightness.uasset" 845
"../../../Engine/Plugins/Interchange/Assets/Content/gltf/MaterialFunctions/MF_PerceivedBrightness.uexp" 846
"../../../Engine/Plugins/Interchange/Assets/Content/gltf/MaterialFunctions/MF_SpecGlossToMetalRoughness.uasset" 847
"../../../Engine/Plugins/Interchange/Assets/Content/gltf/MaterialFunctions/MF_SpecGlossToMetalRoughness.uexp" 848
"../../../Engine/Plugins/Interchange/Assets/Content/gltf/MaterialBodies/MF_SpecularGlossiness_Body.uasset" 849
"../../../Engine/Plugins/Interchange/Assets/Content/gltf/MaterialBodies/MF_SpecularGlossiness_Body.uexp" 850
"../../../Engine/Plugins/Interchange/Assets/Content/gltf/M_SpecularGlossiness.uasset" 851
"../../../Engine/Plugins/Interchange/Assets/Content/gltf/M_SpecularGlossiness.uexp" 852
"../../../Engine/Plugins/Interchange/Assets/Content/gltf/MaterialInstances/MI_SpecularGlossiness_Blend.uasset" 853
"../../../Engine/Plugins/Interchange/Assets/Content/gltf/MaterialInstances/MI_SpecularGlossiness_Blend.uexp" 854
"../../../Engine/Plugins/Interchange/Assets/Content/gltf/MaterialInstances/MI_SpecularGlossiness_Blend_DS.uasset" 855
"../../../Engine/Plugins/Interchange/Assets/Content/gltf/MaterialInstances/MI_SpecularGlossiness_Blend_DS.uexp" 856
"../../../Engine/Plugins/Interchange/Assets/Content/gltf/MaterialInstances/MI_SpecularGlossiness_Mask.uasset" 857
"../../../Engine/Plugins/Interchange/Assets/Content/gltf/MaterialInstances/MI_SpecularGlossiness_Mask.uexp" 858
"../../../Engine/Plugins/Interchange/Assets/Content/gltf/MaterialInstances/MI_SpecularGlossiness_Mask_DS.uasset" 859
"../../../Engine/Plugins/Interchange/Assets/Content/gltf/MaterialInstances/MI_SpecularGlossiness_Mask_DS.uexp" 860
"../../../Engine/Plugins/Interchange/Assets/Content/gltf/MaterialInstances/MI_SpecularGlossiness_Opaque.uasset" 861
"../../../Engine/Plugins/Interchange/Assets/Content/gltf/MaterialInstances/MI_SpecularGlossiness_Opaque.uexp" 862
"../../../Engine/Plugins/Interchange/Assets/Content/gltf/MaterialInstances/MI_SpecularGlossiness_Opaque_DS.uasset" 863
"../../../Engine/Plugins/Interchange/Assets/Content/gltf/MaterialInstances/MI_SpecularGlossiness_Opaque_DS.uexp" 864
"../../../Engine/Content/EngineMaterials/Good64x64TilingNoiseHighFreq.uasset" 865
"../../../Engine/Content/EngineMaterials/Good64x64TilingNoiseHighFreq.uexp" 866
"../../../Engine/Content/Functions/Engine_MaterialFunctions02/Texturing/ScreenAlignedPixelToPixelUVs.uasset" 867
"../../../Engine/Content/Functions/Engine_MaterialFunctions02/Texturing/ScreenAlignedPixelToPixelUVs.uexp" 868
"../../../Engine/Plugins/Interchange/Assets/Content/gltf/MaterialFunctions/MF_Fresnel_DS.uasset" 869
"../../../Engine/Plugins/Interchange/Assets/Content/gltf/MaterialFunctions/MF_Fresnel_DS.uexp" 870
"../../../Engine/Plugins/Interchange/Assets/Content/gltf/MaterialFunctions/MF_Temporal_Blur.uasset" 871
"../../../Engine/Plugins/Interchange/Assets/Content/gltf/MaterialFunctions/MF_Temporal_Blur.uexp" 872
"../../../Engine/Plugins/Interchange/Assets/Content/gltf/MaterialFunctions/MF_Transmission.uasset" 873
"../../../Engine/Plugins/Interchange/Assets/Content/gltf/MaterialFunctions/MF_Transmission.uexp" 874
"../../../Engine/Plugins/Interchange/Assets/Content/gltf/MaterialBodies/MF_Transmission_Body.uasset" 875
"../../../Engine/Plugins/Interchange/Assets/Content/gltf/MaterialBodies/MF_Transmission_Body.uexp" 876
"../../../Engine/Plugins/Interchange/Assets/Content/gltf/M_Transmission.uasset" 877
"../../../Engine/Plugins/Interchange/Assets/Content/gltf/M_Transmission.uexp" 878
"../../../Engine/Plugins/Interchange/Assets/Content/gltf/MaterialInstances/MI_Transmission.uasset" 879
"../../../Engine/Plugins/Interchange/Assets/Content/gltf/MaterialInstances/MI_Transmission.uexp" 880
"../../../Engine/Plugins/Interchange/Assets/Content/gltf/MaterialInstances/MI_Transmission_DS.uasset" 881
"../../../Engine/Plugins/Interchange/Assets/Content/gltf/MaterialInstances/MI_Transmission_DS.uexp" 882
"../../../Engine/Plugins/Interchange/Assets/Content/gltf/MaterialBodies/MF_Unlit_Body.uasset" 883
"../../../Engine/Plugins/Interchange/Assets/Content/gltf/MaterialBodies/MF_Unlit_Body.uexp" 884
"../../../Engine/Plugins/Interchange/Assets/Content/gltf/M_Unlit.uasset" 885
"../../../Engine/Plugins/Interchange/Assets/Content/gltf/M_Unlit.uexp" 886
"../../../Engine/Plugins/Interchange/Assets/Content/gltf/MaterialInstances/MI_Unlit_Blend.uasset" 887
"../../../Engine/Plugins/Interchange/Assets/Content/gltf/MaterialInstances/MI_Unlit_Blend.uexp" 888
"../../../Engine/Plugins/Interchange/Assets/Content/gltf/MaterialInstances/MI_Unlit_Blend_DS.uasset" 889
"../../../Engine/Plugins/Interchange/Assets/Content/gltf/MaterialInstances/MI_Unlit_Blend_DS.uexp" 890
"../../../Engine/Plugins/Interchange/Assets/Content/gltf/MaterialInstances/MI_Unlit_Mask.uasset" 891
"../../../Engine/Plugins/Interchange/Assets/Content/gltf/MaterialInstances/MI_Unlit_Mask.uexp" 892
"../../../Engine/Plugins/Interchange/Assets/Content/gltf/MaterialInstances/MI_Unlit_Mask_DS.uasset" 893
"../../../Engine/Plugins/Interchange/Assets/Content/gltf/MaterialInstances/MI_Unlit_Mask_DS.uexp" 894
"../../../Engine/Plugins/Interchange/Assets/Content/gltf/MaterialInstances/MI_Unlit_Opaque.uasset" 895
"../../../Engine/Plugins/Interchange/Assets/Content/gltf/MaterialInstances/MI_Unlit_Opaque.uexp" 896
"../../../Engine/Plugins/Interchange/Assets/Content/gltf/MaterialInstances/MI_Unlit_Opaque_DS.uasset" 897
"../../../Engine/Plugins/Interchange/Assets/Content/gltf/MaterialInstances/MI_Unlit_Opaque_DS.uexp" 898
"../../../Engine/Content/EngineMaterials/Substrate/GLints/AGlintTex2dArray.uasset" 899
"../../../Engine/Content/EngineMaterials/Substrate/GLints/AGlintTex2dArray.uexp" 900
"../../../Engine/Plugins/Interchange/Assets/Content/gltf/MaterialInstances/MI_ClearCoat_Blend.uasset" 901
"../../../Engine/Plugins/Interchange/Assets/Content/gltf/MaterialInstances/MI_ClearCoat_Blend.uexp" 902
"../../../Engine/Plugins/Interchange/Assets/Content/gltf/MaterialInstances/MI_ClearCoat_Blend_DS.uasset" 903
"../../../Engine/Plugins/Interchange/Assets/Content/gltf/MaterialInstances/MI_ClearCoat_Blend_DS.uexp" 904
"../../../Engine/Plugins/Interchange/Assets/Content/gltf/MaterialInstances/MI_ClearCoat_Mask.uasset" 905
"../../../Engine/Plugins/Interchange/Assets/Content/gltf/MaterialInstances/MI_ClearCoat_Mask.uexp" 906
"../../../Engine/Plugins/Interchange/Assets/Content/gltf/MaterialInstances/MI_ClearCoat_Mask_DS.uasset" 907
"../../../Engine/Plugins/Interchange/Assets/Content/gltf/MaterialInstances/MI_ClearCoat_Mask_DS.uexp" 908
"../../../Engine/Plugins/Interchange/Assets/Content/gltf/MaterialInstances/MI_ClearCoat_Opaque.uasset" 909
"../../../Engine/Plugins/Interchange/Assets/Content/gltf/MaterialInstances/MI_ClearCoat_Opaque.uexp" 910
"../../../Engine/Content/ArtTools/RenderToTexture/Meshes/S_1_Unit_Plane.ubulk" 911
"../../../Engine/Content/ArtTools/RenderToTexture/Meshes/S_1_Unit_Plane.uasset" 912
"../../../Engine/Content/ArtTools/RenderToTexture/Meshes/S_1_Unit_Plane.uexp" 913
"../../../Engine/Content/EngineMaterials/Substrate/Glints2/AGlintTex2dArray2.uasset" 914
"../../../Engine/Content/EngineMaterials/Substrate/Glints2/AGlintTex2dArray2.uexp" 915
"C:/Users/Win10/Documents/GitHub/GAM1009/Myflyingsmup/Myflyingsmup/Content/Blueprints/Audio/Music/4___Luminous_Cavern.ubulk" 916
"C:/Users/Win10/Documents/GitHub/GAM1009/Myflyingsmup/Myflyingsmup/Content/Blueprints/Audio/Music/4___Luminous_Cavern.uasset" 917
"C:/Users/Win10/Documents/GitHub/GAM1009/Myflyingsmup/Myflyingsmup/Content/Blueprints/Audio/Music/4___Luminous_Cavern.uexp" 918
"C:/Users/Win10/Documents/GitHub/GAM1009/Myflyingsmup/Myflyingsmup/Content/Blueprints/Game_Framwork/GameInstance_MyFlyingSmup.uasset" 919
"C:/Users/Win10/Documents/GitHub/GAM1009/Myflyingsmup/Myflyingsmup/Content/Blueprints/Game_Framwork/GameInstance_MyFlyingSmup.uexp" 920
"../../../Engine/Content/Functions/Engine_MaterialFunctions01/Shading/ConvertFromDiffSpec.uasset" 921
"../../../Engine/Content/Functions/Engine_MaterialFunctions01/Shading/ConvertFromDiffSpec.uexp" 922
"../../../Engine/Content/Functions/Engine_MaterialFunctions01/Shading/PowerToRoughness.uasset" 923
"../../../Engine/Content/Functions/Engine_MaterialFunctions01/Shading/PowerToRoughness.uexp" 924
"../../../Engine/Content/EngineMaterials/Substrate/Volume/SubstrateSimpleVolumeEnvLUT3D.uasset" 925
"../../../Engine/Content/EngineMaterials/Substrate/Volume/SubstrateSimpleVolumeEnvLUT3D.uexp" 926
"../../../Engine/Content/EngineMaterials/Substrate/Volume/SubstrateSimpleVolumeLUT3D.uasset" 927
"../../../Engine/Content/EngineMaterials/Substrate/Volume/SubstrateSimpleVolumeLUT3D.uexp" 928
"../../../Engine/Plugins/Interchange/Runtime/Content/Pipelines/DefaultAssetsPipeline.uasset" 929
"../../../Engine/Plugins/Interchange/Runtime/Content/Pipelines/DefaultAssetsPipeline.uexp" 930
"../../../Engine/Plugins/Interchange/Runtime/Content/Pipelines/DefaultAudioPipeline.uasset" 931
"../../../Engine/Plugins/Interchange/Runtime/Content/Pipelines/DefaultAudioPipeline.uexp" 932
"../../../Engine/Plugins/Interchange/Runtime/Content/Pipelines/DefaultGLTFAssetsPipeline.uasset" 933
"../../../Engine/Plugins/Interchange/Runtime/Content/Pipelines/DefaultGLTFAssetsPipeline.uexp" 934
"../../../Engine/Plugins/Interchange/Runtime/Content/Pipelines/DefaultGLTFPipeline.uasset" 935
"../../../Engine/Plugins/Interchange/Runtime/Content/Pipelines/DefaultGLTFPipeline.uexp" 936
"../../../Engine/Plugins/Interchange/Runtime/Content/Pipelines/DefaultGLTFSceneAssetsPipeline.uasset" 937
"../../../Engine/Plugins/Interchange/Runtime/Content/Pipelines/DefaultGLTFSceneAssetsPipeline.uexp" 938
"../../../Engine/Plugins/Interchange/Runtime/Content/Pipelines/DefaultMaterialPipeline.uasset" 939
"../../../Engine/Plugins/Interchange/Runtime/Content/Pipelines/DefaultMaterialPipeline.uexp" 940
"../../../Engine/Plugins/Interchange/Runtime/Content/Pipelines/DefaultMaterialXPipeline.uasset" 941
"../../../Engine/Plugins/Interchange/Runtime/Content/Pipelines/DefaultMaterialXPipeline.uexp" 942
"../../../Engine/Plugins/Interchange/Runtime/Content/Pipelines/DefaultSceneAssetsPipeline.uasset" 943
"../../../Engine/Plugins/Interchange/Runtime/Content/Pipelines/DefaultSceneAssetsPipeline.uexp" 944
"../../../Engine/Plugins/Interchange/Runtime/Content/Pipelines/DefaultSceneLevelPipeline.uasset" 945
"../../../Engine/Plugins/Interchange/Runtime/Content/Pipelines/DefaultSceneLevelPipeline.uexp" 946
"../../../Engine/Plugins/Interchange/Runtime/Content/Pipelines/DefaultTexturePipeline.uasset" 947
"../../../Engine/Plugins/Interchange/Runtime/Content/Pipelines/DefaultTexturePipeline.uexp" 948
"../../../Engine/Content/EngineMaterials/DefaultMaterial.uasset" 949
"../../../Engine/Content/EngineMaterials/DefaultMaterial.uexp" 950
"../../../Engine/Content/Maps/Entry_BuiltData.uasset" 951
"../../../Engine/Content/Maps/Entry_BuiltData.uexp" 952
"../../../Engine/Content/Maps/Entry.uexp" 953
"../../../Engine/Content/Maps/Entry.umap" 954
"../../../Engine/Content/EngineSky/T_Sky_Blue.ubulk" 955
"../../../Engine/Content/EngineSky/T_Sky_Blue.uasset" 956
"../../../Engine/Content/EngineSky/T_Sky_Blue.uexp" 957
"../../../Engine/Content/EngineSky/T_Sky_Clouds_M.ubulk" 958
"../../../Engine/Content/EngineSky/T_Sky_Clouds_M.uasset" 959
"../../../Engine/Content/EngineSky/T_Sky_Clouds_M.uexp" 960
"../../../Engine/Content/EngineSky/T_Sky_Stars.ubulk" 961
"../../../Engine/Content/EngineSky/T_Sky_Stars.uasset" 962
"../../../Engine/Content/EngineSky/T_Sky_Stars.uexp" 963
"../../../Engine/Content/EngineSky/M_Sky_Panning_Clouds2.uasset" 964
"../../../Engine/Content/EngineSky/M_Sky_Panning_Clouds2.uexp" 965
"../../../Engine/Content/EngineSky/SM_SkySphere.ubulk" 966
"../../../Engine/Content/EngineSky/SM_SkySphere.uasset" 967
"../../../Engine/Content/EngineSky/SM_SkySphere.uexp" 968
"../../../Engine/Content/EngineSky/M_SimpleSkyDome.uasset" 969
"../../../Engine/Content/EngineSky/M_SimpleSkyDome.uexp" 970
"../../../Engine/Content/MapTemplates/SM_Template_Map_Floor.ubulk" 971
"../../../Engine/Content/MapTemplates/SM_Template_Map_Floor.uasset" 972
"../../../Engine/Content/MapTemplates/SM_Template_Map_Floor.uexp" 973
"../../../Engine/Content/BasicShapes/Cube.ubulk" 974
"../../../Engine/Content/BasicShapes/Cube.uasset" 975
"../../../Engine/Content/BasicShapes/Cube.uexp" 976
"../../../Engine/Content/BasicShapes/Sphere.ubulk" 977
"../../../Engine/Content/BasicShapes/Sphere.uasset" 978
"../../../Engine/Content/BasicShapes/Sphere.uexp" 979
"../../../Engine/Content/BasicShapes/Cylinder.ubulk" 980
"../../../Engine/Content/BasicShapes/Cylinder.uasset" 981
"../../../Engine/Content/BasicShapes/Cylinder.uexp" 982
"../../../Engine/Content/BasicShapes/Cone.ubulk" 983
"../../../Engine/Content/BasicShapes/Cone.uasset" 984
"../../../Engine/Content/BasicShapes/Cone.uexp" 985
"../../../Engine/Content/BasicShapes/BasicShapeMaterial.uasset" 986
"../../../Engine/Content/BasicShapes/BasicShapeMaterial.uexp" 987
"../../../Engine/Plugins/FX/Niagara/Content/DefaultAssets/DefaultSpriteMaterial.uasset" 988
"../../../Engine/Plugins/FX/Niagara/Content/DefaultAssets/DefaultSpriteMaterial.uexp" 989
"C:/Users/Win10/Documents/GitHub/GAM1009/Myflyingsmup/Myflyingsmup/Content/FX/NS_Explosion.uasset" 990
"C:/Users/Win10/Documents/GitHub/GAM1009/Myflyingsmup/Myflyingsmup/Content/FX/NS_Explosion.uexp" 991
"C:/Users/Win10/Documents/GitHub/GAM1009/Myflyingsmup/Myflyingsmup/Content/FX/BP_Explosion.uasset" 992
"C:/Users/Win10/Documents/GitHub/GAM1009/Myflyingsmup/Myflyingsmup/Content/FX/BP_Explosion.uexp" 993
"C:/Users/Win10/Documents/GitHub/GAM1009/Myflyingsmup/Myflyingsmup/Content/Blueprints/Inputs/IA_Input_Move_Foward_Backwards.uasset" 994
"C:/Users/Win10/Documents/GitHub/GAM1009/Myflyingsmup/Myflyingsmup/Content/Blueprints/Inputs/IA_Input_Move_Foward_Backwards.uexp" 995
"C:/Users/Win10/Documents/GitHub/GAM1009/Myflyingsmup/Myflyingsmup/Content/Blueprints/Inputs/IA_Input_Move_Right_Left.uasset" 996
"C:/Users/Win10/Documents/GitHub/GAM1009/Myflyingsmup/Myflyingsmup/Content/Blueprints/Inputs/IA_Input_Move_Right_Left.uexp" 997
"C:/Users/Win10/Documents/GitHub/GAM1009/Myflyingsmup/Myflyingsmup/Content/Blueprints/Inputs/IA__Primary_Shooting.uasset" 998
"C:/Users/Win10/Documents/GitHub/GAM1009/Myflyingsmup/Myflyingsmup/Content/Blueprints/Inputs/IA__Primary_Shooting.uexp" 999
"C:/Users/Win10/Documents/GitHub/GAM1009/Myflyingsmup/Myflyingsmup/Content/Blueprints/Inputs/IA_Secondary_Shooting.uasset" 1000
"C:/Users/Win10/Documents/GitHub/GAM1009/Myflyingsmup/Myflyingsmup/Content/Blueprints/Inputs/IA_Secondary_Shooting.uexp" 1001
"C:/Users/Win10/Documents/GitHub/GAM1009/Myflyingsmup/Myflyingsmup/Content/Blueprints/Inputs/Flying_vehicle.uasset" 1002
"C:/Users/Win10/Documents/GitHub/GAM1009/Myflyingsmup/Myflyingsmup/Content/Blueprints/Inputs/Flying_vehicle.uexp" 1003
"../../../Engine/Content/BasicShapes/Plane.ubulk" 1004
"../../../Engine/Content/BasicShapes/Plane.uasset" 1005
"../../../Engine/Content/BasicShapes/Plane.uexp" 1006
"C:/Users/Win10/Documents/GitHub/GAM1009/Myflyingsmup/Myflyingsmup/Content/Materials/ParentMaterial/MF_PBR.uasset" 1007
"C:/Users/Win10/Documents/GitHub/GAM1009/Myflyingsmup/Myflyingsmup/Content/Materials/ParentMaterial/MF_PBR.uexp" 1008
"C:/Users/Win10/Documents/GitHub/GAM1009/Myflyingsmup/Myflyingsmup/Content/Materials/ParentMaterial/MP_base.uasset" 1009
"C:/Users/Win10/Documents/GitHub/GAM1009/Myflyingsmup/Myflyingsmup/Content/Materials/ParentMaterial/MP_base.uexp" 1010
"C:/Users/Win10/Documents/GitHub/GAM1009/Myflyingsmup/Myflyingsmup/Content/Materials/MI_Light_Red.uasset" 1011
"C:/Users/Win10/Documents/GitHub/GAM1009/Myflyingsmup/Myflyingsmup/Content/Materials/MI_Light_Red.uexp" 1012
"../../../Engine/Content/Functions/Engine_MaterialFunctions01/Gradient/LinearGradient.uasset" 1013
"../../../Engine/Content/Functions/Engine_MaterialFunctions01/Gradient/LinearGradient.uexp" 1014
"../../../Engine/Content/Functions/Engine_MaterialFunctions01/Gradient/DiamondGradient.uasset" 1015
"../../../Engine/Content/Functions/Engine_MaterialFunctions01/Gradient/DiamondGradient.uexp" 1016
"C:/Users/Win10/Documents/GitHub/GAM1009/Myflyingsmup/Myflyingsmup/Content/Blueprints/UI/M_UI_BackgroundGradient.uasset" 1017
"C:/Users/Win10/Documents/GitHub/GAM1009/Myflyingsmup/Myflyingsmup/Content/Blueprints/UI/M_UI_BackgroundGradient.uexp" 1018
"C:/Users/Win10/Documents/GitHub/GAM1009/Myflyingsmup/Myflyingsmup/Content/Blueprints/UI/WBP_PlayerWidget.uasset" 1019
"C:/Users/Win10/Documents/GitHub/GAM1009/Myflyingsmup/Myflyingsmup/Content/Blueprints/UI/WBP_PlayerWidget.uexp" 1020
"C:/Users/Win10/Documents/GitHub/GAM1009/Myflyingsmup/Myflyingsmup/Content/Blueprints/Game_Framwork/PlayerState_Shmup.uasset" 1021
"C:/Users/Win10/Documents/GitHub/GAM1009/Myflyingsmup/Myflyingsmup/Content/Blueprints/Game_Framwork/PlayerState_Shmup.uexp" 1022
"C:/Users/Win10/Documents/GitHub/GAM1009/Myflyingsmup/Myflyingsmup/Content/Blueprints/Projectiles/BP_Projectile.uasset" 1023
"C:/Users/Win10/Documents/GitHub/GAM1009/Myflyingsmup/Myflyingsmup/Content/Blueprints/Projectiles/BP_Projectile.uexp" 1024
"../../../Engine/Content/Functions/Engine_MaterialFunctions01/Gradient/SphereGradient-2D.uasset" 1025
"../../../Engine/Content/Functions/Engine_MaterialFunctions01/Gradient/SphereGradient-2D.uexp" 1026
"C:/Users/Win10/Documents/GitHub/GAM1009/Myflyingsmup/Myflyingsmup/Content/Materials/ParentMaterial/M_Laser.uasset" 1027
"C:/Users/Win10/Documents/GitHub/GAM1009/Myflyingsmup/Myflyingsmup/Content/Materials/ParentMaterial/M_Laser.uexp" 1028
"C:/Users/Win10/Documents/GitHub/GAM1009/Myflyingsmup/Myflyingsmup/Content/Blueprints/Projectiles/BP_PlayerProjectileMissile.uasset" 1029
"C:/Users/Win10/Documents/GitHub/GAM1009/Myflyingsmup/Myflyingsmup/Content/Blueprints/Projectiles/BP_PlayerProjectileMissile.uexp" 1030
"C:/Users/Win10/Documents/GitHub/GAM1009/Myflyingsmup/Myflyingsmup/Content/Materials/M_Overlay.uasset" 1031
"C:/Users/Win10/Documents/GitHub/GAM1009/Myflyingsmup/Myflyingsmup/Content/Materials/M_Overlay.uexp" 1032
"C:/Users/Win10/Documents/GitHub/GAM1009/Myflyingsmup/Myflyingsmup/Content/FX/CS_PlayerHitCameraShake.uasset" 1033
"C:/Users/Win10/Documents/GitHub/GAM1009/Myflyingsmup/Myflyingsmup/Content/FX/CS_PlayerHitCameraShake.uexp" 1034
"C:/Users/Win10/Documents/GitHub/GAM1009/Myflyingsmup/Myflyingsmup/Content/Materials/ParentMaterial/M_Bullet.uasset" 1035
"C:/Users/Win10/Documents/GitHub/GAM1009/Myflyingsmup/Myflyingsmup/Content/Materials/ParentMaterial/M_Bullet.uexp" 1036
"C:/Users/Win10/Documents/GitHub/GAM1009/Myflyingsmup/Myflyingsmup/Content/Blueprints/Projectiles/BP_PLayerProjectileBullet.uasset" 1037
"C:/Users/Win10/Documents/GitHub/GAM1009/Myflyingsmup/Myflyingsmup/Content/Blueprints/Projectiles/BP_PLayerProjectileBullet.uexp" 1038
"C:/Users/Win10/Documents/GitHub/GAM1009/Myflyingsmup/Myflyingsmup/Content/Materials/ParentMaterial/M_BulletShotgun.uasset" 1039
"C:/Users/Win10/Documents/GitHub/GAM1009/Myflyingsmup/Myflyingsmup/Content/Materials/ParentMaterial/M_BulletShotgun.uexp" 1040
"C:/Users/Win10/Documents/GitHub/GAM1009/Myflyingsmup/Myflyingsmup/Content/Blueprints/Projectiles/BP_PlayerProjectileShotgun.uasset" 1041
"C:/Users/Win10/Documents/GitHub/GAM1009/Myflyingsmup/Myflyingsmup/Content/Blueprints/Projectiles/BP_PlayerProjectileShotgun.uexp" 1042
"C:/Users/Win10/Documents/GitHub/GAM1009/Myflyingsmup/Myflyingsmup/Content/Materials/ParentMaterial/M_WideBullet.uasset" 1043
"C:/Users/Win10/Documents/GitHub/GAM1009/Myflyingsmup/Myflyingsmup/Content/Materials/ParentMaterial/M_WideBullet.uexp" 1044
"C:/Users/Win10/Documents/GitHub/GAM1009/Myflyingsmup/Myflyingsmup/Content/Blueprints/Projectiles/BP_PLayerProjectileWide.uasset" 1045
"C:/Users/Win10/Documents/GitHub/GAM1009/Myflyingsmup/Myflyingsmup/Content/Blueprints/Projectiles/BP_PLayerProjectileWide.uexp" 1046
"C:/Users/Win10/Documents/GitHub/GAM1009/Myflyingsmup/Myflyingsmup/Content/Blueprints/Audio/8bit_expl_short_00.ubulk" 1047
"C:/Users/Win10/Documents/GitHub/GAM1009/Myflyingsmup/Myflyingsmup/Content/Blueprints/Audio/8bit_expl_short_00.uasset" 1048
"C:/Users/Win10/Documents/GitHub/GAM1009/Myflyingsmup/Myflyingsmup/Content/Blueprints/Audio/8bit_expl_short_00.uexp" 1049
"C:/Users/Win10/Documents/GitHub/GAM1009/Myflyingsmup/Myflyingsmup/Content/Blueprints/Audio/8bit_expl_short_01.ubulk" 1050
"C:/Users/Win10/Documents/GitHub/GAM1009/Myflyingsmup/Myflyingsmup/Content/Blueprints/Audio/8bit_expl_short_01.uasset" 1051
"C:/Users/Win10/Documents/GitHub/GAM1009/Myflyingsmup/Myflyingsmup/Content/Blueprints/Audio/8bit_expl_short_01.uexp" 1052
"C:/Users/Win10/Documents/GitHub/GAM1009/Myflyingsmup/Myflyingsmup/Content/Blueprints/Audio/8bit_expl_short_02.ubulk" 1053
"C:/Users/Win10/Documents/GitHub/GAM1009/Myflyingsmup/Myflyingsmup/Content/Blueprints/Audio/8bit_expl_short_02.uasset" 1054
"C:/Users/Win10/Documents/GitHub/GAM1009/Myflyingsmup/Myflyingsmup/Content/Blueprints/Audio/8bit_expl_short_02.uexp" 1055
"C:/Users/Win10/Documents/GitHub/GAM1009/Myflyingsmup/Myflyingsmup/Content/Blueprints/Audio/8bit_expl_short_03.ubulk" 1056
"C:/Users/Win10/Documents/GitHub/GAM1009/Myflyingsmup/Myflyingsmup/Content/Blueprints/Audio/8bit_expl_short_03.uasset" 1057
"C:/Users/Win10/Documents/GitHub/GAM1009/Myflyingsmup/Myflyingsmup/Content/Blueprints/Audio/8bit_expl_short_03.uexp" 1058
"C:/Users/Win10/Documents/GitHub/GAM1009/Myflyingsmup/Myflyingsmup/Content/Blueprints/Audio/8bit_expl_short_04.ubulk" 1059
"C:/Users/Win10/Documents/GitHub/GAM1009/Myflyingsmup/Myflyingsmup/Content/Blueprints/Audio/8bit_expl_short_04.uasset" 1060
"C:/Users/Win10/Documents/GitHub/GAM1009/Myflyingsmup/Myflyingsmup/Content/Blueprints/Audio/8bit_expl_short_04.uexp" 1061
"C:/Users/Win10/Documents/GitHub/GAM1009/Myflyingsmup/Myflyingsmup/Content/Blueprints/Audio/8bit_expl_short_05.ubulk" 1062
"C:/Users/Win10/Documents/GitHub/GAM1009/Myflyingsmup/Myflyingsmup/Content/Blueprints/Audio/8bit_expl_short_05.uasset" 1063
"C:/Users/Win10/Documents/GitHub/GAM1009/Myflyingsmup/Myflyingsmup/Content/Blueprints/Audio/8bit_expl_short_05.uexp" 1064
"C:/Users/Win10/Documents/GitHub/GAM1009/Myflyingsmup/Myflyingsmup/Content/Blueprints/Audio/MS_Damage.uasset" 1065
"C:/Users/Win10/Documents/GitHub/GAM1009/Myflyingsmup/Myflyingsmup/Content/Blueprints/Audio/MS_Damage.uexp" 1066
"C:/Users/Win10/Documents/GitHub/GAM1009/Myflyingsmup/Myflyingsmup/Content/Blueprints/Audio/8bit_expl_medium_09.ubulk" 1067
"C:/Users/Win10/Documents/GitHub/GAM1009/Myflyingsmup/Myflyingsmup/Content/Blueprints/Audio/8bit_expl_medium_09.uasset" 1068
"C:/Users/Win10/Documents/GitHub/GAM1009/Myflyingsmup/Myflyingsmup/Content/Blueprints/Audio/8bit_expl_medium_09.uexp" 1069
"C:/Users/Win10/Documents/GitHub/GAM1009/Myflyingsmup/Myflyingsmup/Content/Blueprints/Audio/8bit_expl_medium_12.ubulk" 1070
"C:/Users/Win10/Documents/GitHub/GAM1009/Myflyingsmup/Myflyingsmup/Content/Blueprints/Audio/8bit_expl_medium_12.uasset" 1071
"C:/Users/Win10/Documents/GitHub/GAM1009/Myflyingsmup/Myflyingsmup/Content/Blueprints/Audio/8bit_expl_medium_12.uexp" 1072
"C:/Users/Win10/Documents/GitHub/GAM1009/Myflyingsmup/Myflyingsmup/Content/Blueprints/Audio/8bit_expl_medium_15.ubulk" 1073
"C:/Users/Win10/Documents/GitHub/GAM1009/Myflyingsmup/Myflyingsmup/Content/Blueprints/Audio/8bit_expl_medium_15.uasset" 1074
"C:/Users/Win10/Documents/GitHub/GAM1009/Myflyingsmup/Myflyingsmup/Content/Blueprints/Audio/8bit_expl_medium_15.uexp" 1075
"C:/Users/Win10/Documents/GitHub/GAM1009/Myflyingsmup/Myflyingsmup/Content/Blueprints/Audio/8bit_expl_medium_22.ubulk" 1076
"C:/Users/Win10/Documents/GitHub/GAM1009/Myflyingsmup/Myflyingsmup/Content/Blueprints/Audio/8bit_expl_medium_22.uasset" 1077
"C:/Users/Win10/Documents/GitHub/GAM1009/Myflyingsmup/Myflyingsmup/Content/Blueprints/Audio/8bit_expl_medium_22.uexp" 1078
"C:/Users/Win10/Documents/GitHub/GAM1009/Myflyingsmup/Myflyingsmup/Content/Blueprints/Audio/MS_Kill.uasset" 1079
"C:/Users/Win10/Documents/GitHub/GAM1009/Myflyingsmup/Myflyingsmup/Content/Blueprints/Audio/MS_Kill.uexp" 1080
"C:/Users/Win10/Documents/GitHub/GAM1009/Myflyingsmup/Myflyingsmup/Content/Blueprints/UI/WDP_DamagePopup.uasset" 1081
"C:/Users/Win10/Documents/GitHub/GAM1009/Myflyingsmup/Myflyingsmup/Content/Blueprints/UI/WDP_DamagePopup.uexp" 1082
"C:/Users/Win10/Documents/GitHub/GAM1009/Myflyingsmup/Myflyingsmup/Content/Blueprints/UI/BP_DamagePopup.uasset" 1083
"C:/Users/Win10/Documents/GitHub/GAM1009/Myflyingsmup/Myflyingsmup/Content/Blueprints/UI/BP_DamagePopup.uexp" 1084
"C:/Users/Win10/Documents/GitHub/GAM1009/Myflyingsmup/Myflyingsmup/Content/Blueprints/UI/WBP_PlayerPawnWidget.uasset" 1085
"C:/Users/Win10/Documents/GitHub/GAM1009/Myflyingsmup/Myflyingsmup/Content/Blueprints/UI/WBP_PlayerPawnWidget.uexp" 1086
"C:/Users/Win10/Documents/GitHub/GAM1009/Myflyingsmup/Myflyingsmup/Content/Blueprints/Flying_ship/Pawn_flying_vehicle.uasset" 1087
"C:/Users/Win10/Documents/GitHub/GAM1009/Myflyingsmup/Myflyingsmup/Content/Blueprints/Flying_ship/Pawn_flying_vehicle.uexp" 1088
"C:/Users/Win10/Documents/GitHub/GAM1009/Myflyingsmup/Myflyingsmup/Content/Blueprints/Game_Framwork/Gamestate_shmup.uasset" 1089
"C:/Users/Win10/Documents/GitHub/GAM1009/Myflyingsmup/Myflyingsmup/Content/Blueprints/Game_Framwork/Gamestate_shmup.uexp" 1090
"C:/Users/Win10/Documents/GitHub/GAM1009/Myflyingsmup/Myflyingsmup/Content/Blueprints/Game_Framwork/Hud_shmup.uasset" 1091
"C:/Users/Win10/Documents/GitHub/GAM1009/Myflyingsmup/Myflyingsmup/Content/Blueprints/Game_Framwork/Hud_shmup.uexp" 1092
"C:/Users/Win10/Documents/GitHub/GAM1009/Myflyingsmup/Myflyingsmup/Content/Blueprints/Game_Framwork/PlayerControler_Shmup.uasset" 1093
"C:/Users/Win10/Documents/GitHub/GAM1009/Myflyingsmup/Myflyingsmup/Content/Blueprints/Game_Framwork/PlayerControler_Shmup.uexp" 1094
"C:/Users/Win10/Documents/GitHub/GAM1009/Myflyingsmup/Myflyingsmup/Content/Blueprints/Game_Framwork/Gamemode_shmup1.uasset" 1095
"C:/Users/Win10/Documents/GitHub/GAM1009/Myflyingsmup/Myflyingsmup/Content/Blueprints/Game_Framwork/Gamemode_shmup1.uexp" 1096
"../../../Engine/Content/Functions/Engine_MaterialFunctions02/Utility/BreakOutFloat4Components.uasset" 1097
"../../../Engine/Content/Functions/Engine_MaterialFunctions02/Utility/BreakOutFloat4Components.uexp" 1098
"../../../Engine/Content/Functions/Engine_MaterialFunctions02/Utility/MakeFloat4.uasset" 1099
"../../../Engine/Content/Functions/Engine_MaterialFunctions02/Utility/MakeFloat4.uexp" 1100
"../../../Engine/Content/EngineResources/DefaultVolumeTexture2D.uasset" 1101
"../../../Engine/Content/EngineResources/DefaultVolumeTexture2D.uexp" 1102
"../../../Engine/Content/EngineResources/DefaultVolumeTexture.uasset" 1103
"../../../Engine/Content/EngineResources/DefaultVolumeTexture.uexp" 1104
"../../../Engine/Content/EngineSky/VolumetricClouds/VT_Lightning.uasset" 1105
"../../../Engine/Content/EngineSky/VolumetricClouds/VT_Lightning.uexp" 1106
"../../../Engine/Content/Functions/Engine_MaterialFunctions01/Units/Km-to-Cm.uasset" 1107
"../../../Engine/Content/Functions/Engine_MaterialFunctions01/Units/Km-to-Cm.uexp" 1108
"../../../Engine/Content/EngineSky/VolumetricClouds/m_SimpleVolumetricCloud.uasset" 1109
"../../../Engine/Content/EngineSky/VolumetricClouds/m_SimpleVolumetricCloud.uexp" 1110
"../../../Engine/Content/EngineSky/VolumetricClouds/T_CloudMask.ubulk" 1111
"../../../Engine/Content/EngineSky/VolumetricClouds/T_CloudMask.uasset" 1112
"../../../Engine/Content/EngineSky/VolumetricClouds/T_CloudMask.uexp" 1113
"../../../Engine/Content/EngineSky/VolumetricClouds/T_CloudPattern.ubulk" 1114
"../../../Engine/Content/EngineSky/VolumetricClouds/T_CloudPattern.uasset" 1115
"../../../Engine/Content/EngineSky/VolumetricClouds/T_CloudPattern.uexp" 1116
"../../../Engine/Content/EngineSky/VolumetricClouds/T_Profile_08.ubulk" 1117
"../../../Engine/Content/EngineSky/VolumetricClouds/T_Profile_08.uasset" 1118
"../../../Engine/Content/EngineSky/VolumetricClouds/T_Profile_08.uexp" 1119
"../../../Engine/Content/EngineSky/VolumetricClouds/VT_PerlinWorley_Balanced.uasset" 1120
"../../../Engine/Content/EngineSky/VolumetricClouds/VT_PerlinWorley_Balanced.uexp" 1121
"../../../Engine/Content/EngineSky/VolumetricClouds/m_SimpleVolumetricCloud_Inst.uasset" 1122
"../../../Engine/Content/EngineSky/VolumetricClouds/m_SimpleVolumetricCloud_Inst.uexp" 1123
"C:/Users/Win10/Documents/GitHub/GAM1009/Myflyingsmup/Myflyingsmup/Content/Materials/MI_Metalic_Gold.uasset" 1124
"C:/Users/Win10/Documents/GitHub/GAM1009/Myflyingsmup/Myflyingsmup/Content/Materials/MI_Metalic_Gold.uexp" 1125
"C:/Users/Win10/Documents/GitHub/GAM1009/Myflyingsmup/Myflyingsmup/Content/Materials/ParentMaterial/MI_Bullet_Red.uasset" 1126
"C:/Users/Win10/Documents/GitHub/GAM1009/Myflyingsmup/Myflyingsmup/Content/Materials/ParentMaterial/MI_Bullet_Red.uexp" 1127
"C:/Users/Win10/Documents/GitHub/GAM1009/Myflyingsmup/Myflyingsmup/Content/Blueprints/Projectiles/BP_EnemyProjectile.uasset" 1128
"C:/Users/Win10/Documents/GitHub/GAM1009/Myflyingsmup/Myflyingsmup/Content/Blueprints/Projectiles/BP_EnemyProjectile.uexp" 1129
"C:/Users/Win10/Documents/GitHub/GAM1009/Myflyingsmup/Myflyingsmup/Content/Meshes/SM_EnemyA.ubulk" 1130
"C:/Users/Win10/Documents/GitHub/GAM1009/Myflyingsmup/Myflyingsmup/Content/Meshes/SM_EnemyA.uasset" 1131
"C:/Users/Win10/Documents/GitHub/GAM1009/Myflyingsmup/Myflyingsmup/Content/Meshes/SM_EnemyA.uexp" 1132
"C:/Users/Win10/Documents/GitHub/GAM1009/Myflyingsmup/Myflyingsmup/Content/Blueprints/UI/WBP_EnemyHealthBar.uasset" 1133
"C:/Users/Win10/Documents/GitHub/GAM1009/Myflyingsmup/Myflyingsmup/Content/Blueprints/UI/WBP_EnemyHealthBar.uexp" 1134
"C:/Users/Win10/Documents/GitHub/GAM1009/Myflyingsmup/Myflyingsmup/Content/Blueprints/Enemy/BP_Enemy.uasset" 1135
"C:/Users/Win10/Documents/GitHub/GAM1009/Myflyingsmup/Myflyingsmup/Content/Blueprints/Enemy/BP_Enemy.uexp" 1136
"C:/Users/Win10/Documents/GitHub/GAM1009/Myflyingsmup/Myflyingsmup/Content/Blueprints/Enemy/BP_EnemyA.uasset" 1137
"C:/Users/Win10/Documents/GitHub/GAM1009/Myflyingsmup/Myflyingsmup/Content/Blueprints/Enemy/BP_EnemyA.uexp" 1138
"C:/Users/Win10/Documents/GitHub/GAM1009/Myflyingsmup/Myflyingsmup/Content/Materials/MI_Matte_Green.uasset" 1139
"C:/Users/Win10/Documents/GitHub/GAM1009/Myflyingsmup/Myflyingsmup/Content/Materials/MI_Matte_Green.uexp" 1140
"C:/Users/Win10/Documents/GitHub/GAM1009/Myflyingsmup/Myflyingsmup/Content/Blueprints/Enemy/BP_EnemyB.uasset" 1141
"C:/Users/Win10/Documents/GitHub/GAM1009/Myflyingsmup/Myflyingsmup/Content/Blueprints/Enemy/BP_EnemyB.uexp" 1142
"C:/Users/Win10/Documents/GitHub/GAM1009/Myflyingsmup/Myflyingsmup/Content/Materials/MI_Metalic_Purple.uasset" 1143
"C:/Users/Win10/Documents/GitHub/GAM1009/Myflyingsmup/Myflyingsmup/Content/Materials/MI_Metalic_Purple.uexp" 1144
"C:/Users/Win10/Documents/GitHub/GAM1009/Myflyingsmup/Myflyingsmup/Content/Blueprints/Enemy/BP_EnemyC.uasset" 1145
"C:/Users/Win10/Documents/GitHub/GAM1009/Myflyingsmup/Myflyingsmup/Content/Blueprints/Enemy/BP_EnemyC.uexp" 1146
"C:/Users/Win10/Documents/GitHub/GAM1009/Myflyingsmup/Myflyingsmup/Content/Blueprints/Enemy/BP_EnemySpawner.uasset" 1147
"C:/Users/Win10/Documents/GitHub/GAM1009/Myflyingsmup/Myflyingsmup/Content/Blueprints/Enemy/BP_EnemySpawner.uexp" 1148
"../../../Engine/Content/EngineResources/DefaultTexture.ubulk" 1149
"../../../Engine/Content/EngineResources/DefaultTexture.uasset" 1150
"../../../Engine/Content/EngineResources/DefaultTexture.uexp" 1151
"C:/Users/Win10/Documents/GitHub/GAM1009/Myflyingsmup/Myflyingsmup/Content/Materials/ParentMaterial/M_Panning.uasset" 1152
"C:/Users/Win10/Documents/GitHub/GAM1009/Myflyingsmup/Myflyingsmup/Content/Materials/ParentMaterial/M_Panning.uexp" 1153
"C:/Users/Win10/Documents/GitHub/GAM1009/Myflyingsmup/Myflyingsmup/Content/textures/T_forest_evergreen_bareground.ubulk" 1154
"C:/Users/Win10/Documents/GitHub/GAM1009/Myflyingsmup/Myflyingsmup/Content/textures/T_forest_evergreen_bareground.uasset" 1155
"C:/Users/Win10/Documents/GitHub/GAM1009/Myflyingsmup/Myflyingsmup/Content/textures/T_forest_evergreen_bareground.uexp" 1156
"C:/Users/Win10/Documents/GitHub/GAM1009/Myflyingsmup/Myflyingsmup/Content/Materials/MI_Panning_forest_2.uasset" 1157
"C:/Users/Win10/Documents/GitHub/GAM1009/Myflyingsmup/Myflyingsmup/Content/Materials/MI_Panning_forest_2.uexp" 1158
"C:/Users/Win10/Documents/GitHub/GAM1009/Myflyingsmup/Myflyingsmup/Content/Levels/GameMap.uexp" 1159
"C:/Users/Win10/Documents/GitHub/GAM1009/Myflyingsmup/Myflyingsmup/Content/Levels/GameMap.umap" 1160
